,Radix Sort(Base 10),Radix Sort(Base 2^16),Merge Sort,Shell Sort,Shell Sort Knuth's Sequence,Quick Sort(Median of Three),Quick Sort(Median of Five),Quick Sort(Median of Seven),STL Sort
1000,1000,2003,0,996,0,1000,0,998,999,0
2000,999,1003,0,1033,1003,0,963,2061,938,1036
3000,999,1002,998,1013,0,996,1970,2033,999,1007
4000,997,1018,1990,983,1010,1998,1000,4021,1932,1047
5000,2014,1953,2034,2001,998,2958,2039,3953,3004,1999
6000,2999,2004,1996,1999,2001,3000,3035,3963,2998,1001
7000,2000,2000,2011,2992,2002,2998,4001,4999,4000,2000
8000,3999,1001,2998,4001,1999,3000,4000,6007,4039,2957
9000,3007,999,3950,3996,3005,2995,4000,6003,5000,2000
10000,4000,2038,3000,5002,2998,3964,5035,7002,4961,2998
11000,3998,1001,4002,4960,4005,3994,7004,8048,4998,3952
12000,4002,1996,5002,5955,3997,3999,6000,7997,6000,4014
13000,4998,1001,6003,5996,6000,4000,6997,9001,8001,5999
14000,7007,2001,6999,6998,4997,5001,7998,8998,9003,4997
15000,6004,1996,6000,5999,7001,5060,8942,10045,10001,4953
16000,5983,1970,6062,7982,5986,7000,7948,11000,6997,5001
17000,5999,1000,7000,6999,7041,6001,9982,12015,8005,5997
18000,6018,1987,8978,10007,7010,6002,9959,12999,10040,4963
19000,5998,1004,7961,7998,7998,9002,46002,36997,19027,9006
20000,8990,2999,9999,11016,9983,8038,15968,17036,13967,7036
21000,10092,1924,8997,10009,8953,6998,11999,14040,10962,6037
22000,6999,3006,7994,9963,9039,8000,11999,14962,11039,5997
23000,7006,3959,10993,13002,12000,10998,19000,18000,13048,7005
24000,8000,4000,11001,13993,10958,10015,14985,19999,14046,9002
25000,10950,3051,10998,13000,10997,9000,13954,18990,13994,8025
26000,10977,2010,11957,13993,13052,10958,15993,19995,15052,8999
27000,12944,2000,13045,15955,14000,10004,16036,20961,17049,9005
28000,10007,2000,13952,15000,13050,10949,15037,19963,16002,9994
29000,11064,2978,14000,16019,11995,12949,14994,19639,17959,9051
30000,8995,3000,12001,14000,12000,9995,18007,20998,15993,9008
31000,10003,2964,13035,14950,13048,9999,17001,22999,16000,9999
32000,10998,3006,13995,18952,12998,11000,16999,22000,17042,9999
33000,11041,3002,12998,16999,13996,11006,17958,21000,17000,9998
34000,11001,2999,14001,16999,14000,11999,17002,25997,18000,9998
35000,12000,3000,13000,17000,13997,11999,17999,23001,18999,10000
36000,10998,4000,14000,17000,15999,14999,19040,29959,21048,12001
37000,11998,4005,15996,19000,17002,12997,20002,25998,18999,10950
38000,13000,4000,15040,17999,16000,13003,19995,28998,22006,15003
39000,13040,3003,16000,20958,16999,13998,21000,25950,21000,12000
40000,11998,4001,15999,20000,17000,14002,20997,32000,21999,13001
41000,13001,4000,17000,27000,17999,15042,22996,28001,22004,11996
42000,13001,4000,16999,21001,17963,16994,24054,28988,22998,13002
43000,13999,4003,16996,22002,18997,15002,22999,28998,26960,18005
44000,18996,4000,19999,22000,19038,16005,45007,30999,23989,14008
45000,15007,3950,19047,22999,20004,15995,24954,33039,23998,13999
46000,15039,3000,17996,21999,19999,17001,23957,31052,25999,15000
47000,14998,4000,20000,25948,21000,16999,25000,31999,26000,15000
48000,15000,4000,19999,25000,21000,16999,26000,32999,31000,15000
49000,15000,4000,21000,26000,23042,19005,27004,34990,30008,15949
50000,16000,4000,21054,25987,25990,17982,27039,34035,27004,14995
51000,16000,4997,20998,25010,24999,19001,30990,35958,30998,16000
52000,17000,5038,21004,25996,25003,18998,27001,35001,28960,16040
53000,17002,4001,22956,29050,24001,19999,28953,37048,32998,17001
54000,18000,4946,24001,27998,24000,20040,29999,36003,29999,17000
55000,17998,4960,23045,26994,24000,20002,29000,37997,32958,17042
56000,18000,5000,23003,28996,25003,19999,29998,38001,33002,16995
57000,18999,5001,23998,31998,25000,20999,43033,44014,31997,17997
58000,18956,5040,24001,28000,25997,25962,32037,39002,32000,18004
59000,18999,5000,25000,28999,26000,23001,30998,47000,32999,17996
60000,19000,5000,25000,30000,27000,21998,32000,39995,32994,19000
61000,24002,3999,24998,31000,26999,22999,32000,40995,33997,19000
62000,19999,5001,25999,37037,27003,22999,32997,41999,34960,19000
63000,20000,5000,25998,33000,28999,25040,32997,44006,36004,20957
64000,21000,4952,27051,37001,29997,22998,34950,46002,37051,19946
65000,21040,5003,27998,32965,30013,25000,34001,46983,37008,19998
66000,22001,5000,28952,40014,29998,24998,36000,45001,38995,20045
67000,22000,4998,28005,36993,30958,23997,36038,45001,40999,20998
68000,21004,5002,28998,35002,32997,27990,51003,48000,42954,21040
69000,21002,4997,29002,36000,32997,25005,37002,47957,39041,21957
70000,22040,5003,29002,37999,33975,25958,38038,50958,40040,20999
71000,23996,4961,30037,37002,33999,25998,38002,47961,40999,21997
72000,28002,7000,32000,40000,35000,26999,39000,49999,42000,23000
73000,22992,4996,33039,38998,37960,31052,46002,57977,50003,23999
74000,26000,5002,31961,39997,34000,27999,39999,57066,46948,32984
75000,30034,6962,40000,44002,40044,33999,48948,61003,50050,28970
76000,29937,7001,35997,47953,42008,32036,50959,60032,51037,26963
77000,28038,7009,38952,51000,55995,32037,43010,54002,44988,32009
78000,25951,6051,39996,48952,42000,30019,42034,62962,68976,31003
79000,40985,10010,42018,58962,46988,38038,57966,72903,71041,32992
80000,34986,8965,46952,57998,44999,35998,47038,62958,47999,29053
81000,32039,11001,52997,51996,41002,39998,58955,81997,68057,30954
82000,31951,7042,40040,67999,46001,38049,54949,64047,53999,30953
83000,30997,7046,35953,47001,44999,33999,46001,58001,48998,26001
84000,33029,5962,47037,86955,59994,41969,61014,66997,59960,33000
85000,31032,8006,41960,56999,54009,43047,74991,73936,63985,29036
86000,32954,6000,44999,50001,50030,41994,60001,68050,58954,34039
87000,32023,6992,45996,57063,48990,38967,58990,72002,62048,33999
88000,30987,6994,43995,55004,51039,32999,51955,65000,51999,28038
89000,28960,5998,40999,79996,71997,35997,50051,62999,57999,29005
90000,29985,7001,42947,54051,45002,37950,53996,69041,63041,35955
91000,32000,7042,41955,52026,50051,38987,52031,64999,54002,30002
92000,31991,9967,60004,80022,65002,51000,71955,71997,61957,31001
93000,30998,7000,40041,48997,49001,34960,49995,67958,56040,30002
94000,31000,6996,53964,52999,45999,36999,53000,66000,61042,31959
95000,39993,7000,41000,51001,45994,35997,54988,67038,55956,32002
96000,32004,7995,42043,58958,46997,35998,52996,67036,56010,30952
97000,35952,5999,67047,53951,51006,44024,56958,70999,58041,31002
98000,30998,7000,42000,55986,53010,38042,54999,71011,61970,33006
99000,33055,7007,48979,60962,73990,40040,54001,73958,58001,30999
100000,32009,7993,43001,57998,51961,45998,57039,68950,66050,32001
101000,33000,8001,49999,59042,50011,37997,55993,71101,61260,31999
102000,31999,7000,43997,54999,49996,40001,64051,73988,61016,32997
103000,32002,7000,44997,61034,49997,40000,58001,71978,69992,46967
104000,34001,7999,46000,58999,49998,40996,60997,73998,62001,34998
105000,51040,8005,45996,63002,50997,40003,57999,72998,68012,37947
106000,34998,6998,45950,60040,55956,42998,63031,74012,61999,33999
107000,37006,8005,48000,64029,54053,41996,59990,74000,63012,41000
108000,33998,6997,48944,57999,54999,41999,62000,75003,63998,34985
109000,34994,7000,48000,62000,54011,42948,61987,77000,69957,39999
110000,40046,6994,50998,61047,55952,43019,63035,100008,71565,37058
111000,47953,11000,57988,68031,55002,44000,62000,79999,66001,35959
112000,36003,7998,51000,69971,55989,44041,63010,80000,68947,43002
113000,35999,7996,51041,61001,56003,44001,67003,81004,69003,37005
114000,37000,8963,55987,64039,57995,43994,63965,86058,86931,37000
115000,40001,8999,50000,68999,61998,45000,73001,87047,68991,36994
116000,36998,8001,51999,65999,60000,45040,68956,81999,69999,39039
117000,56009,8001,56947,65038,59010,45999,67000,90964,79035,44951
118000,51016,10973,72017,86983,68048,52950,69044,90958,78041,43991
119000,41966,7996,52999,68996,97998,51998,70001,85036,76948,42002
120000,42008,10012,61004,72952,63050,54998,68003,100958,75047,39001
121000,46042,8953,58992,72955,66989,51955,76995,94044,80958,40040
122000,41048,8994,60993,71046,66010,58955,85959,89994,196000,57998
123000,47996,10000,55041,78997,62003,51002,68999,86018,78453,40000
124000,45002,10002,54998,72049,64950,47996,72997,88000,73998,41051
125000,40000,8000,58948,70049,68950,49193,78958,94997,74998,39998
126000,41001,9000,54998,74999,63036,49961,72000,89996,78999,40998
127000,40000,9034,55006,84960,70995,50040,72003,89999,96958,42038
128000,41047,8997,56956,104952,81040,53996,73955,90997,81000,45045
129000,43982,10000,66993,84999,85003,58039,81953,100950,87032,44997
130000,46002,16013,96986,83004,87033,51949,73034,91958,80998,47998
131000,46012,9955,59997,79998,70999,52997,76000,91997,84998,43999
132000,43001,10016,57996,89050,97019,54001,82012,98961,86995,45997
133000,46031,10003,64965,86034,80966,60008,79042,96995,86943,47002
134000,47952,10997,83043,112956,74034,59018,87927,107001,101999,44040
135000,44949,8997,75992,89004,80994,59998,87996,118044,82998,44005
136000,45001,9965,64047,83021,87970,58987,82997,97999,81995,45000
137000,44986,11999,64040,75996,71000,54038,81957,97997,84046,45993
138000,46009,9007,69995,85011,73019,57028,82161,97999,83001,44958
139000,44039,8993,64002,81956,85048,55953,82996,109996,92998,47999
140000,49043,9960,67998,91999,82997,66008,87999,122963,85998,48001
141000,46998,8999,65043,81979,81999,61649,87991,120952,110000,114986
142000,50997,9998,72999,84999,88046,61991,123954,113058,111989,47002
143000,48957,11028,69998,82957,93038,62964,91036,104000,87955,48999
144000,50031,10000,68948,88036,87960,58997,86050,106736,95000,46959
145000,48997,9998,65033,85003,79999,56999,83001,104474,98038,48959
146000,47000,9999,64996,88997,81041,77957,104955,117036,93958,47998
147000,52971,9997,67998,83999,78000,58998,94996,126026,93997,53011
148000,54981,13002,66003,94002,81999,60975,87033,113994,92000,50948
149000,54001,10000,71015,97995,88039,60960,85997,109047,99990,49963
150000,49001,10003,68958,87999,80002,62999,112998,152033,126958,55006
151000,63003,16029,69965,87999,102002,65990,109037,113022,95940,56986
152000,49008,9998,69032,93613,80950,61041,91010,114995,101989,50009
153000,48997,9998,69962,96950,82996,61041,88002,136961,92998,49998
154000,51033,11000,77995,90958,83004,65998,103034,140001,96950,57997
155000,49995,9998,78001,114953,85000,67999,103999,117997,106000,54995
156000,49995,13000,71000,99034,83001,69038,95959,117997,122042,51957
157000,55000,10999,69034,90002,85002,71997,94006,120002,100992,51038
158000,54014,10999,71991,90001,109960,67997,92000,157997,120999,51998
159000,50997,10998,76998,96998,100992,66999,95996,115999,97999,62001
160000,56998,14004,94034,100955,90003,67998,93956,121001,107051,55047
161000,54995,11996,79999,95011,89999,68996,102989,122996,102990,63031
162000,52009,11999,73002,96952,92996,66996,99998,120000,109049,57949
163000,58017,16972,87995,96988,154004,78984,100998,125008,113225,56031
164000,54009,12001,75998,132996,93031,73003,101525,126052,103999,53997
165000,85978,11956,84001,115041,94949,65998,95998,123047,111001,54999
166000,53999,11003,77949,107037,92993,69998,116000,128998,130000,57998
167000,56000,12998,75999,104999,90994,69039,99961,141030,104006,54999
168000,53963,11040,78960,107037,89956,69039,100958,132054,170970,58010
169000,58003,11996,96959,122002,108996,83927,113985,135999,105985,58999
170000,63049,15988,82038,131959,102048,88950,110993,217998,127997,56028
171000,60002,14995,156955,110995,99040,75959,123044,133992,113044,68999
172000,54999,11998,77963,117993,99046,72001,102950,136020,121993,61948
173000,85032,10999,77995,130015,99948,73040,109008,140951,114999,61995
174000,56001,11999,80997,146003,195997,80998,101259,138941,122100,57993
175000,55999,12001,82997,103999,114021,90995,105995,221998,111997,58001
176000,63010,32994,106024,124952,118004,74996,105994,129039,114006,59983
177000,76016,13002,106032,150002,113955,75033,106958,152040,159000,69950
178000,64048,14000,92954,114049,105001,79991,114007,132959,126990,57999
179000,57046,12004,79001,106958,100062,74057,119997,129988,119997,66050
180000,61961,12047,84048,118991,104958,76993,106993,137088,116996,60000
181000,61987,11961,80985,120997,132985,85964,108990,162030,117010,61968
182000,62995,13001,89047,134949,109999,79997,111038,139960,141052,60997
183000,60995,13956,86035,108011,105954,81038,108005,138985,124954,64996
184000,62998,14950,90996,113999,98047,78998,110944,137997,115997,61039
185000,65956,12998,110040,110692,97002,80038,117953,137991,148000,66057
186000,65953,15988,96047,114986,109010,82948,114000,142995,117040,61955
187000,59958,12999,84001,115028,125007,87945,125994,223001,157997,63995
188000,72997,15019,89972,116951,138000,111995,131000,215997,127985,69005
189000,73000,13995,91039,117997,133003,116982,166013,196965,150985,71011
190000,72004,14987,99032,141964,140034,113956,141043,147949,126003,62998
191000,63008,13994,88950,119998,104999,80999,115996,175998,228006,73036
192000,68960,14000,94042,149002,135992,110046,136925,155990,134001,64996
193000,63999,18003,155990,148048,182945,88998,152991,215994,144039,67008
194000,71953,19046,87994,131957,132233,101047,117000,160997,144999,65947
195000,68027,13999,105998,162020,134006,103926,132038,179965,174996,78043
196000,71942,16003,111038,126953,125009,83946,134005,288991,176013,75983
197000,81990,16998,94006,162950,148904,119568,131043,149954,130034,67998
198000,63992,13987,94024,129999,110000,88988,125955,149999,131034,65995
199000,62005,12997,95999,130994,121958,93005,126983,154946,141998,104993
200000,73047,14009,92953,132995,121017,87051,119016,151031,132029,69040
201000,73959,19998,94000,125996,112038,87961,128045,174962,143955,75043
202000,68966,14000,98005,134994,122995,90033,128963,159045,144995,68999
203000,69000,13999,91036,132957,111000,85998,123045,148953,133017,68952
204000,65996,13999,92998,137504,123999,105996,126997,167997,134993,71000
205000,69994,16000,101034,138993,114952,86999,128994,161046,148962,72045
206000,72993,33042,96994,132010,119998,109001,132941,205992,147043,69999
207000,66049,15050,93995,174957,114999,94003,121994,153033,154997,68957
208000,75038,18005,120996,130038,116958,87998,146044,201033,161975,82998
209000,74035,14952,96006,146991,145042,92008,137946,155051,136989,73955
210000,71999,15000,99998,127001,115041,108958,127036,154957,142010,71998
211000,68000,13999,102001,138001,129989,87039,125957,160999,145041,72999
212000,71992,14966,101029,130964,127058,103937,134995,157038,133997,78010
213000,68987,13997,102007,279987,122008,93988,130997,160956,135010,72017
214000,84058,16950,111046,141997,142005,91986,134003,188997,140990,75006
215000,91985,16989,104954,133049,126000,93947,135998,170998,146000,96048
216000,74949,14999,100040,140006,150999,93998,130997,194945,143997,76049
217000,70952,15005,108016,136986,124958,91033,133959,162557,142996,72998
218000,75000,16009,103029,134998,130952,96038,149017,173990,162997,82950
219000,73991,15959,102998,138000,135994,93038,134957,170998,153991,77991
220000,73006,13999,106035,144003,137961,97001,133995,169992,146042,74954
221000,80041,14960,101039,138959,133997,94038,169000,165956,147039,76002
222000,81960,18993,107017,138956,125068,120000,133959,165994,146998,75040
223000,72006,15002,105004,133949,128995,94995,163042,172007,174948,76046
224000,75950,15998,106042,154960,163997,101998,140999,190034,149960,79045
225000,76988,14998,101998,139998,135998,97040,139956,174014,149019,81000
226000,73949,15999,106997,139041,135556,134054,148992,181046,149950,78995
227000,75999,16000,103042,139977,144967,116998,192037,173008,154987,82006
228000,75999,15999,107943,147000,171997,95987,135997,174037,152003,83981
229000,73997,16999,102994,154045,125992,100994,144997,174040,172953,76998
230000,78048,20020,110048,156951,154024,101612,163932,178048,156943,81039
231000,78999,15947,110000,150038,133000,104998,139999,181958,154996,76994
232000,77999,16999,106999,155997,153000,98996,141995,200994,160035,78049
233000,73946,15999,115998,145998,131998,97997,146000,175028,149001,78957
234000,75000,16001,105998,152999,135999,102956,152010,176994,153968,95994
235000,75957,20007,110995,169956,142000,100995,150996,180049,172946,77999
236000,75961,15962,112998,162992,134032,110947,151035,181013,172004,81990
237000,76033,15996,130050,148998,135994,122994,149055,186990,163047,79999
238000,81952,15974,111991,161949,144048,103991,156956,184039,189007,85990
239000,100998,16040,136009,158954,147993,109042,151986,185996,171960,78995
240000,103999,15947,118037,152999,140001,104961,155030,184998,159956,86001
241000,99050,22995,123993,145947,145001,103997,173995,188047,167986,98012
242000,91033,20001,125950,177043,153951,109948,168006,205950,171037,78996
243000,81979,17000,121997,154047,137991,126961,171037,198032,161953,86036
244000,82959,17041,116951,159992,134995,110998,162046,197955,169046,81994
245000,79042,15999,114004,160951,137047,106993,161001,185001,178000,84003
246000,86996,16000,112955,181999,154001,106997,161023,186996,166040,99990
247000,92946,17037,112996,160006,140951,104997,156995,192997,163040,81998
248000,82003,20004,117953,154997,149997,111037,156010,202008,170989,81997
249000,82961,18000,117994,164998,159994,119040,153007,196949,162032,90955
250000,81002,15999,115958,163992,150773,110960,153996,195955,162047,90997
251000,80997,17011,119998,161041,142980,112028,154010,231717,172049,156949
252000,83044,15999,120961,165036,195955,109997,158998,223007,248998,96959
253000,96023,16999,132988,203009,160943,116993,162033,192999,199968,88046
254000,90997,16999,124952,204987,168990,109000,161960,216040,171005,91950
255000,85040,16998,126039,197987,160998,116000,164998,239992,197035,86955
256000,98999,16999,118000,226036,146999,110000,155996,199005,186998,87011
257000,85998,16998,122968,159999,152946,136046,156997,195998,173964,84998
258000,84009,17998,145994,190990,156957,120001,168985,193956,174000,96004
259000,87999,17999,125998,189013,174997,126995,208970,205048,177993,85997
260000,91997,17001,125042,170995,163889,163948,191486,222040,197989,92962
261000,114918,18951,154950,176984,159995,116997,164984,203035,183964,91002
262000,93974,18002,123004,174991,177968,175955,185044,243988,261996,102038
263000,98003,19994,124000,197995,149127,117994,161958,204995,182037,91010
264000,88990,18998,129039,186012,159947,114505,163999,214999,177993,88028
265000,86009,18994,129000,174951,153032,119008,172946,207992,176041,87998
266000,88991,17999,121998,178040,154005,117998,166948,203995,192017,95039
267000,89950,18008,125006,170989,157008,117948,163049,205956,175996,89995
268000,98026,17999,124997,174996,158044,121948,191000,207994,174990,91995
269000,86996,17999,142994,171997,157998,117996,166997,207997,181996,89998
270000,86997,17998,128998,180039,163041,119001,171954,205038,208005,91015
271000,90953,18997,126995,175035,187009,123000,174950,213043,183049,92999
272000,96947,17998,125000,190995,162029,224998,168951,213999,177993,93992
273000,87997,18999,128000,171992,161995,138038,170983,211957,187989,91999
274000,86998,19000,128998,172046,171944,119035,171959,206999,185041,90957
275000,88998,19999,156049,195991,160962,134989,190032,215959,185997,100994
276000,88038,18003,129007,185041,165983,126003,169997,218994,261003,102037
277000,112000,17998,132999,210993,191979,132049,190998,240998,185945,96038
278000,94994,18006,154961,174034,167006,123989,172997,214008,193956,116998
279000,103959,24997,148037,202957,167999,134042,209948,221040,192019,92995
280000,88998,17997,136044,191999,175990,129007,176948,216993,190002,108024
281000,95960,18998,129998,188946,179657,126949,177998,241999,195996,100006
282000,94998,19000,139037,204965,187002,128994,181994,228992,194038,99007
283000,136945,20997,134037,183978,168995,129993,175997,250040,214511,106990
284000,108996,21002,137041,181988,178014,126996,178042,223011,187988,95964
285000,91957,19036,134045,206997,199035,140043,198954,286999,211961,104976
286000,131955,21034,166006,195950,168996,152999,227037,272996,231995,119990
287000,119028,21954,142015,238988,215968,156010,205009,225987,188006,105958
288000,113941,20040,176994,259971,193014,131996,203013,325025,249004,103992
289000,98992,21033,146012,312994,178998,131040,213953,218995,194995,100000
290000,135102,37998,170987,245965,225047,133007,193998,228991,285993,103991
291000,107033,21001,163997,241996,176989,132050,193951,287993,245033,108996
292000,94042,21956,143999,187995,164998,134041,206999,223993,215945,98997
293000,97043,18999,143001,199957,171049,134992,195605,292980,282001,113996
294000,94998,19999,148001,251975,184042,185932,206997,248000,204030,99958
295000,93999,21001,138000,295993,181996,137046,211989,256040,206000,101995
296000,102009,22002,141988,203990,176997,161994,205997,234995,218548,112971
297000,99993,22959,147990,251988,207986,161039,191956,250997,213993,108000
298000,112001,20998,165982,262996,203988,136995,191941,286986,258991,133992
299000,112986,33999,159982,237990,232983,146988,213988,269986,243996,121235
300000,121993,22997,189000,252000,240016,197972,260992,317001,308989,115000
301000,119994,24999,170000,245994,226998,224999,356996,359528,374995,147995
302000,151992,25998,193996,289178,269986,198987,276994,385001,311983,146994
303000,152992,28034,170966,231982,211956,174988,229998,282035,257947,119997
304000,109998,24993,166562,231957,237987,158990,220999,271991,247993,117998
305000,111994,28997,160036,221000,217985,152985,215041,286951,332039,118958
306000,119994,23993,166947,228997,212041,148993,193996,249047,296998,112992
307000,123008,20041,142992,200038,183004,143948,199040,252945,229996,103044
308000,106007,22999,148957,202045,185989,148000,190995,269998,210991,105001
309000,99002,21994,146966,206039,199011,164948,215042,258940,208515,104996
310000,101034,20964,148010,208569,180998,143997,198043,246033,204999,105991
311000,100975,20999,150997,229039,187948,138996,213040,266997,217988,106999
312000,100003,21043,148950,227998,194949,143997,276034,238994,214999,104957
313000,99997,22979,144999,210992,194039,150002,198001,248997,238946,107000
314000,104045,25007,146989,211986,207974,148959,201977,245040,236945,106032
315000,113040,21146,150054,231988,191998,150997,205998,252999,211038,108998
316000,102946,21001,174005,212030,196010,148947,203996,245996,228048,110945
317000,132006,22035,148960,212994,200996,143993,239997,270045,223000,116003
318000,103985,20999,147961,208006,200995,145959,207042,293946,229011,114001
319000,147994,21000,157000,209034,198009,176946,198995,254045,244993,112958
320000,103998,28992,152054,233988,186956,153050,220947,260028,249006,109942
321000,107986,21961,158995,219037,198977,143043,201997,247956,224039,109946
322000,142038,32991,190985,230043,196998,147002,212953,256035,224013,117949
323000,106010,21987,151994,211001,203000,179001,255010,285946,224999,111997
324000,125037,21999,153000,215956,199994,182933,207952,255037,244616,109959
325000,107034,25995,150997,212997,196042,147955,217051,256952,240969,114997
326000,105000,22040,161002,231956,215001,176029,252043,299988,266969,227997
327000,119000,21998,189001,277993,217998,191008,266022,293950,287995,145029
328000,130997,26957,219998,317020,216046,197042,252966,263970,250000,121000
329000,108998,22002,158955,241039,230954,199013,223007,266970,232987,134999
330000,106946,21952,164997,230999,207994,167048,234998,269999,232945,111997
331000,112038,23005,202956,222997,216999,157991,215047,276943,260039,114011
332000,111997,25959,178960,229998,203615,150992,219997,290038,227954,115546
333000,112031,23006,157001,216000,206958,211000,217993,290045,256999,117951
334000,115049,23005,161945,266959,208996,158990,215998,267048,237993,115995
335000,114947,23967,161038,220958,227997,166994,226997,291991,233997,117046
336000,109998,22004,168985,266013,206987,166959,211995,267038,233959,113992
337000,113995,23997,161999,238045,201999,157945,237041,267954,233508,123039
338000,112999,22954,166998,226998,228991,185020,217029,284954,254046,121010
339000,117995,22000,165036,251997,226963,168031,219999,266956,244998,137977
340000,126998,23046,176961,270026,207009,203002,260035,327032,278544,142004
341000,119998,24949,167001,336995,218046,162000,229983,276972,241005,121954
342000,118045,26998,187986,287000,211957,165049,251943,286991,229039,116959
343000,149000,37983,195030,244989,221012,165988,233956,267043,238947,115993
344000,113996,24043,212004,322995,220035,213001,265994,299989,234040,121997
345000,124004,37992,213997,250039,197998,158959,225041,313994,259009,152988
346000,152040,37990,236995,351036,256966,216971,228054,284949,276031,118959
347000,114001,21997,164998,256043,211037,159988,229007,311000,304062,119997
348000,117988,36961,187991,308997,210995,159976,251995,353989,275001,138958
349000,127985,28989,194998,260964,211960,163997,251053,354956,242998,116956
350000,110996,23000,168998,230004,215052,162950,223989,321646,237998,118958
351000,115958,22997,163997,271043,206988,160997,228005,290476,332950,117995
352000,126000,27000,201024,245982,234996,176994,241998,300006,244989,117998
353000,128990,27946,192992,252043,234995,166981,230048,307945,279036,124050
354000,121999,24000,173058,250996,246038,171007,234999,284949,271989,146044
355000,119998,23993,189014,256988,241008,167990,244006,295988,290518,125988
356000,119035,23999,168957,234994,231984,168000,230981,288998,245995,133963
357000,131986,28003,207033,319999,276988,228030,251011,294984,248002,129963
358000,133037,26006,199963,267001,282039,183988,242953,290998,269989,126955
359000,114998,26999,181048,265989,228956,171039,254958,317039,256959,130036
360000,114998,24010,182002,284987,234017,176945,237994,279991,253986,124999
361000,122997,23996,177002,270030,247002,169989,237007,287037,274005,132794
362000,131950,28001,177996,274037,256011,174949,241030,314952,245994,125039
363000,134000,25997,174997,246996,228995,207995,236992,292032,245001,126959
364000,120001,26997,177997,246996,229997,198001,233994,288990,258038,140960
365000,127957,25003,178996,244993,247035,180997,268958,304647,261997,133003
366000,124045,24999,182995,239951,239045,196952,246034,297995,291993,125001
367000,119996,27999,183999,267995,227005,176995,243994,310004,293943,126997
368000,132028,23956,176959,257006,243997,172994,248045,300948,260988,131997
369000,121998,23999,195000,276040,310955,207996,304004,392979,312996,151034
370000,168039,35000,196958,253005,260016,221044,311030,339954,260994,128040
371000,120003,27004,174007,253949,257004,208038,240999,322088,329958,174963
372000,147957,27015,189956,268997,236004,178947,247000,306032,255012,133023
373000,120949,24999,204050,258948,231999,207994,257058,343952,377034,145004
374000,164049,24995,221950,334008,281966,266920,248996,297989,301033,162026
375000,128007,27996,200976,265959,231039,187963,299011,322050,274981,157006
376000,130997,28036,180999,264998,254956,176040,255044,307236,266016,153006
377000,139011,24955,226955,312998,224035,179961,250993,306037,276003,133946
378000,125039,25001,199984,273030,238001,180955,259999,309035,280957,129032
379000,128998,24999,182038,256956,266997,185999,267042,315948,268991,138048
380000,131015,27994,210955,283998,244992,205981,288034,353001,279994,138958
381000,133997,25995,179961,268998,241000,210951,253038,312985,270994,131003
382000,121997,25001,186011,273990,241033,188958,255999,361046,288985,140006
383000,130959,25998,184995,279030,235998,180996,292959,333041,266033,136959
384000,131003,26000,182993,314999,291015,203964,285998,375994,306961,138035
385000,127001,29999,185044,294998,250949,181994,248044,305945,274037,188004
386000,161009,36958,199995,257991,253993,225026,386020,367997,278957,130958
387000,127048,25997,214993,323952,290992,230996,325998,366036,370994,170954
388000,142990,32038,256003,277996,253991,228959,323047,388996,400945,148038
389000,129038,25012,187947,289999,241991,186997,255998,373037,270951,142953
390000,187996,38998,197000,290992,254997,229047,273955,389037,314470,131998
391000,127998,31035,192961,307010,251981,207045,271950,346041,289998,137967
392000,127960,26971,192991,272996,312996,181999,258006,315060,271988,131957
393000,135995,26000,185997,315998,295033,214010,256948,317034,278002,137986
394000,125998,25996,195274,348947,276047,187951,271034,316004,278996,134997
395000,132048,27003,191990,295958,236992,186996,258990,321998,293973,138002
396000,153952,28051,187002,289032,243999,190959,262958,316034,296957,133035
397000,128039,25958,190997,295000,243968,191997,261999,328987,270033,139965
398000,155057,26964,191996,267044,264005,204958,269979,328041,272988,135032
399000,128998,25998,189997,273040,261994,189959,261995,319508,271992,136993
400000,138057,32988,200037,288957,264996,193019,263994,338986,275040,136960
401000,130991,26997,191032,273003,243002,218996,266949,320034,272366,139993
402000,130036,25960,193034,276952,244995,191998,266039,368003,290947,159986
403000,128998,25997,195033,282996,259959,192964,267994,319988,278993,140000
404000,128994,29953,190030,267955,259956,189996,263996,320997,279006,137973
405000,131994,27998,191994,277980,249995,197996,266991,339000,275046,170998
406000,130998,27953,192996,275995,271994,191998,266999,326995,283036,141476
407000,131962,27996,216989,267993,253956,198053,273985,324000,280955,137042
408000,136000,45959,196996,278996,270001,196991,285051,328046,282945,141997
409000,134002,26997,200998,279033,244959,193959,277038,329004,285946,152046
410000,133989,26998,195958,292996,282955,198995,270977,328039,288942,140051
411000,135951,27997,197042,279986,258990,194047,281998,330006,292986,144999
412000,132957,27040,196000,268927,251038,199953,275039,366005,286947,140001
413000,138048,27001,201950,271997,267986,198005,271998,332989,306955,141008
414000,133999,27998,209035,279000,270000,200956,270999,333993,324041,142999
415000,156948,32998,195999,283013,251986,209999,271988,334955,287995,145998
416000,133993,26999,198997,311039,261005,207995,287038,364008,312948,144961
417000,137999,26997,198996,264993,253994,199995,274991,334994,289997,140961
418000,135997,26998,196998,315996,254030,201998,273996,343951,292027,144958
419000,135006,27999,200998,308994,264990,205004,301948,342991,288045,145048
420000,135999,26998,201996,292996,271995,199037,280002,339943,308003,180032
421000,135000,26999,208996,281039,259966,200981,281993,339995,298991,160997
422000,136041,28003,203004,307997,267050,203953,278502,338043,292946,141997
423000,139049,26998,201997,290944,274995,234039,297945,344999,296032,143952
424000,141052,27998,201946,295038,272999,210008,282942,341863,295598,157964
425000,139996,27996,201032,287007,267945,205035,280205,344991,295995,145998
426000,136999,30001,199999,570031,267998,203958,284993,341991,297995,146998
427000,136995,30035,230959,332994,265994,204995,297044,347993,297947,151041
428000,137000,27998,212012,305997,275947,206044,284987,349966,341992,148999
429000,138999,28001,207036,299004,271984,202233,282956,372045,299946,147032
430000,139955,28997,228040,300947,260047,206992,287073,357045,295726,152993
431000,139010,28946,206997,282992,271988,231954,289995,346994,299045,148997
432000,139962,43995,207049,308945,268001,208035,286991,352993,320995,150997
433000,138002,27998,205997,294957,276996,210036,291958,353034,299996,149996
434000,159960,27996,226044,299987,279958,210997,289033,356005,312953,152997
435000,141998,27999,209997,312515,287996,213083,293958,354990,299040,152952
436000,140998,30998,207053,293949,277993,212997,311998,365030,306995,147997
437000,144992,29047,207002,294945,273571,212987,295929,353041,302957,148995
438000,156038,29005,206947,299991,274996,212996,293995,355040,303999,150957
439000,145994,29001,216999,307033,288951,244540,296996,354994,307988,151053
440000,140996,30000,211998,316999,280032,216011,309998,369945,311998,153993
441000,140998,29997,220000,321037,310947,214005,291993,355953,326994,154000
442000,171048,29994,209998,314014,305234,241989,292995,358995,322039,152006
443000,149038,28960,223998,314999,260996,224042,294996,384957,310028,154957
444000,147049,28996,216490,312957,297043,214993,294994,359944,310006,157993
445000,142996,28999,214995,296994,290037,212994,300274,389946,312997,157043
446000,144981,29040,216996,316995,280957,217994,311037,365995,310997,170979
447000,146996,29000,216991,300998,295045,219945,304999,362992,321040,158999
448000,144986,30001,217954,359035,294960,226958,299032,376997,314953,157001
449000,150034,29047,212994,294989,271997,239997,313999,368991,337991,154510
450000,146036,31018,214998,312958,282028,226016,308998,409996,321943,157993
451000,206000,32995,215000,311993,286993,224031,303008,367465,329997,156989
452000,147000,28999,216997,308957,281992,219035,307010,364986,313997,156006
453000,145960,30079,247023,313948,293994,224992,302048,370960,314996,153998
454000,149037,29003,218007,296987,291957,252045,306946,400051,316989,154976
455000,146022,29999,218946,325965,288030,221959,306953,392002,320027,157998
456000,150992,30008,215563,336998,282994,223034,307002,388952,336038,155954
457000,146998,29999,220000,304994,285994,223038,310989,377312,320042,158992
458000,147038,30988,226995,309960,287035,228004,310948,376037,323955,155035
459000,151994,29995,223995,435994,308051,224045,311950,374994,326032,157000
460000,150957,30012,216987,338003,282996,248956,393049,372944,322044,156997
461000,164960,36016,244996,321996,296031,242035,309997,392998,322999,159958
462000,149996,29983,221996,335010,319375,234006,371942,382991,322993,181070
463000,149998,30997,225945,325997,287997,225996,314046,375992,326959,160994
464000,148994,33005,233933,331991,292990,234949,312993,382670,327999,159005
465000,149998,29999,224001,322034,300997,251009,312949,391025,349959,159981
466000,155039,30957,227038,328944,288037,229959,397992,385990,323995,159998
467000,154996,30995,222995,362994,301992,235009,315033,400038,330994,161999
468000,150008,32000,226947,311993,297996,233030,311962,379031,328957,172005
469000,156006,32000,229991,352998,307994,227996,314003,380993,333051,164002
470000,152955,31999,235960,330048,303996,239953,320948,383980,358992,167989
471000,154040,30960,229958,330994,310045,238947,319989,384992,333974,161995
472000,151991,31007,228956,331034,298955,232047,334943,391041,333957,160031
473000,154946,29999,228997,314998,305039,241460,324995,447994,337985,169998
474000,155998,32001,253001,321994,295035,238956,322034,391007,352997,170990
475000,154008,31982,228996,341993,309996,242992,323011,391046,331984,167998
476000,156975,41029,237017,335946,298033,239009,347982,389016,334994,163193
477000,156996,30999,228998,338049,313988,239955,321998,398985,346977,163998
478000,154998,30999,230047,377996,325939,251036,320950,388994,336995,163997
479000,161038,31009,233003,326958,321008,242948,341993,399995,338955,165037
480000,157006,31986,231963,353033,298996,237042,351002,415949,337996,163001
481000,158992,30990,227595,324958,321084,239956,325990,399050,352947,172994
482000,158974,31999,228997,313996,319042,259009,336996,395941,348049,171954
483000,162572,34996,238049,340948,309995,241033,324957,397038,341005,169987
484000,154994,33001,237999,346994,313995,242992,329994,395958,342045,171949
485000,157050,31998,236000,329990,325984,245966,326039,394959,346990,168998
486000,157998,32000,234998,327038,292999,246997,365957,407990,344008,167993
487000,176033,31999,232046,363996,295993,246957,334038,416993,346006,169990
488000,165048,31993,235941,349020,304039,244960,331995,450985,368996,170995
489000,157996,33995,231992,337996,327993,245029,366994,406000,347990,178954
490000,160997,32000,231003,337011,315956,245034,334993,428962,346987,167000
491000,159995,32997,247994,342997,317041,244994,335008,406936,346009,170998
492000,160948,32999,233997,416378,333997,243992,367988,409997,349953,171043
493000,158018,32995,239002,359994,326950,247994,338000,406993,357046,173948
494000,162040,32952,243995,342496,303039,248996,349997,424954,348037,175954
495000,159050,36948,236048,341949,310036,249953,345998,423989,350036,171994
496000,163958,35997,243997,344994,340004,249997,341010,428945,361994,174998
497000,163999,33000,238002,332035,322007,247043,377939,411990,372033,172000
498000,160050,32992,239998,338956,323996,251043,343990,413956,351992,170996
499000,177002,31996,238999,350956,330034,254035,345007,419982,351013,175950
500000,161032,33017,257055,496945,474991,288995,366998,434045,377027,170996
501000,174038,32996,252960,342994,313993,247995,344034,416954,358996,173026
502000,164005,33000,244001,362958,316040,260946,349037,414958,364993,182000
503000,161003,33993,244009,351563,332036,255996,344959,415333,422998,178049
504000,169043,32998,276000,394009,427039,280998,418956,484994,433951,214000
505000,206000,38048,278997,395996,386993,285957,396991,473047,436994,200999
506000,192000,40004,294991,425996,406997,313996,418967,495995,462994,213996
507000,195997,35995,282995,426949,376999,309002,414997,492991,448990,210623
508000,201995,34047,315967,444997,336997,268996,376999,450047,383997,190988
509000,169948,34000,275000,395996,347036,271962,366997,461044,376997,181948
510000,179007,36042,253040,397000,354941,291998,379041,453944,402996,188997
511000,179948,37997,269998,389257,343923,279028,368949,450033,386003,183946
512000,168991,33001,260994,550994,364988,275982,369039,448947,387995,195998
513000,176946,37006,257987,381006,346999,273952,375996,439995,393044,184943
514000,178949,45001,254044,406949,352018,290949,378044,449999,405007,189997
515000,176999,36995,255998,434322,341997,269998,369950,464998,405029,193956
516000,185048,35954,423951,901523,1079112,979739,1199073,1188116,1118430,437009
517000,356996,93997,560994,718993,697990,738171,913815,847996,861990,412653
518000,427879,87001,479991,693993,717986,625618,777994,1051991,991984,408994
519000,413990,87993,600994,816986,784993,582993,796991,827988,766512,320996
520000,323989,61988,412994,690991,707994,608995,687990,911990,818511,385000
521000,395992,79997,536995,722988,515991,427994,570997,680511,533990,285999
522000,265112,49998,380994,570995,528512,433996,569000,744985,743985,265998
523000,235994,50000,330045,504949,465989,360040,487951,598032,500957,234001
524000,259996,47959,333992,478505,467004,357958,529996,575992,524953,239997
525000,263002,45047,338044,710941,470039,355990,501996,624997,538991,235993
526000,239998,46040,344999,537996,489995,399997,519991,580994,602997,247999
527000,240000,44002,377995,570030,476028,399996,511984,656041,568951,243037
528000,225999,46000,382992,550998,464992,369950,523991,564041,445944,197049
529000,220943,54997,312561,440953,442999,292959,420040,525946,410999,232995
530000,198997,43005,302992,431033,443993,425994,504001,616991,542998,222050
531000,245949,61998,398993,524038,416952,335045,431992,518002,490957,204998
532000,211954,39999,305041,466953,492998,383994,425032,572001,455955,205042
533000,193005,38999,304043,471052,376033,363984,467991,598997,436994,186048
534000,170008,35000,261960,391046,391988,277994,369956,532033,444043,199993
535000,174948,36999,277997,392996,342995,327384,373940,447024,398955,213051
536000,174997,34999,262949,407993,356007,277997,406946,456986,407995,187992
537000,178000,36994,274039,383993,357009,300998,373945,452042,391545,183000
538000,182997,34999,262950,386033,348998,274999,367980,452046,387995,182990
539000,175946,34996,263991,406047,373943,275038,379038,452008,382998,184996
540000,176044,35000,259952,417999,363996,314033,440961,477992,422992,190999
541000,217960,41981,314037,432949,440995,329984,472991,541034,491473,240005
542000,268000,63955,370955,530005,509020,393957,530992,678984,642992,262993
543000,237994,46999,380000,533992,441033,332954,456002,543986,503243,208036
544000,204959,42998,320996,460954,426000,317998,422979,518994,480994,200948
545000,181032,35998,272028,401507,366999,281946,381036,462006,405946,192042
546000,176989,35997,266354,418993,354047,277006,379997,467996,393986,192962
547000,179999,36011,264996,395033,365010,278999,395998,456007,390946,194006
548000,175947,34998,266046,397946,362509,279000,382007,466995,395032,194008
549000,174002,35951,267951,449990,377999,287039,386948,460991,398104,194989
550000,178996,35999,265997,419006,352996,285943,391996,465044,393944,192048
551000,179000,35999,266952,406036,373011,283999,383007,458607,396995,187997
552000,178007,37043,264002,447007,341997,282980,382947,466992,403987,190998
553000,177996,37039,270012,443059,349009,284985,383993,460002,395957,197999
554000,175951,36998,267996,436037,374000,319951,405043,461609,408984,193996
555000,183959,36999,274041,390997,357998,296987,424996,468040,406984,190018
556000,182998,36000,269946,417047,355614,284997,385061,476002,402045,193992
557000,177951,42954,270984,416993,375560,290995,396996,474994,399948,196041
558000,180985,35943,268953,451047,382997,284986,383006,478944,402040,212987
559000,180950,35997,269039,459968,378046,288945,389057,489044,410029,200004
560000,184049,37004,287000,435948,381049,296989,399943,476993,410040,202950
561000,186997,37000,292041,415950,375045,288987,391992,471996,399996,198994
562000,182999,42994,302033,402997,392950,307997,397046,482984,402957,196995
563000,198998,36999,275994,411999,373993,294995,398988,479998,400959,199999
564000,201046,37999,274003,392004,372999,291043,396519,480030,399007,192938
565000,191997,35999,274999,403027,376946,294997,401047,515995,443948,211000
566000,185004,36997,275947,389041,383954,292994,398989,475047,404996,212991
567000,186048,35998,278038,415963,381036,292959,395028,482056,435945,213038
568000,189995,38025,274996,441041,367995,315949,399628,482952,437045,219998
569000,188021,37014,298949,413504,379990,299999,397038,503210,408019,198985
570000,182042,37005,283987,419947,365991,295956,402986,490040,415497,197997
571000,188991,37010,276986,409962,367003,295969,404011,500995,413946,202045
572000,186996,39998,278034,404955,376045,298997,415959,497948,414037,196997
573000,184959,38000,279046,412998,379944,296995,412035,493042,411987,201056
574000,187996,36998,278000,436045,374998,298961,452036,502993,412005,205988
575000,186996,40973,280049,433461,388097,299997,423957,488991,410995,201037
576000,187960,36998,278037,477960,378996,313948,403996,482945,415998,197993
577000,191998,37001,279962,418997,376995,341953,411993,500000,433994,203038
578000,210975,38000,284041,403960,393524,305040,402985,495001,417008,203993
579000,185958,39999,278036,406961,393046,300991,411006,486035,416064,200998
580000,190014,38014,285948,424031,384007,301044,406987,486003,421999,209946
581000,192997,38999,283015,430985,375009,309993,415006,516987,423336,206991
582000,187999,42044,299996,401036,392948,304036,437954,496988,426028,210997
583000,187998,38956,295033,407561,385020,301998,413004,523981,424962,223991
584000,206885,38999,283041,432955,384030,310006,445985,653056,504762,213427
585000,204179,39668,303223,448449,417552,386410,460992,527347,445961,209205
586000,199688,39673,293846,422578,406647,315443,435998,539002,498321,209033
587000,193474,38830,292875,427000,463229,343970,449004,572579,480247,217337
588000,196837,40146,290244,441807,420433,368725,465622,672071,580947,249676
589000,200265,39086,329626,437093,397879,313030,486148,527148,446981,225704
590000,237169,40283,297439,624418,396685,315281,423665,513120,453066,210105
591000,193790,40288,289198,490899,417640,311367,416841,520412,465250,204865
592000,189914,39438,331592,474486,392959,312996,420042,548943,490030,209007
593000,198978,39008,290951,445760,401998,312980,434157,521002,440947,233005
594000,194950,38035,307009,451956,413057,334934,421984,536966,476030,211006
595000,194946,39040,294961,458046,443937,315046,429945,539995,439042,210999
596000,195551,38999,296992,497989,399573,321037,425953,547036,440001,240997
597000,191954,41033,334006,455985,400990,322067,430945,514967,473039,227980
598000,195038,40013,294987,442008,398998,332995,435996,518004,470536,214999
599000,193998,39000,299044,460032,404006,326992,442954,546035,446012,217995
600000,194987,43008,299000,440958,413993,320037,429953,560030,457953,212047
601000,201949,39006,299013,446003,411946,323998,449056,538991,486096,213991
602000,201949,38999,300010,421992,394999,336999,434999,524037,450000,219949
603000,201971,39008,299990,414956,421995,414015,446007,535994,452952,216037
604000,202003,39000,337996,435965,406999,322695,430927,514043,453951,208037
605000,209994,40016,301012,444946,407974,328000,431038,525948,445035,242080
606000,194003,47959,310051,480043,409995,321959,437029,531041,473999,222003
607000,210001,50996,311048,456954,444071,326000,446994,585994,449032,214956
608000,199998,41998,295028,445948,428050,323997,462004,523995,469044,212953
609000,197038,39999,297962,450003,402997,363950,441964,529011,458004,218965
610000,203991,39999,305010,443056,412994,357008,456944,530048,452987,222961
611000,249956,49041,336986,484009,427007,350972,487564,609036,473006,244007
612000,211998,45960,307005,495010,450987,354961,448991,599040,469043,221989
613000,207993,40011,302048,497005,421005,325997,439960,551989,452997,217048
614000,203948,40000,302040,462924,418999,329041,464023,524001,460041,217000
615000,200961,40999,302036,436020,442997,334998,440005,552999,453989,217011
616000,200003,40035,305985,486985,454981,325000,458016,543958,482046,218993
617000,200001,41962,327958,439037,414001,344997,440996,528011,460990,219016
618000,206999,39997,305034,455012,407974,329972,447997,544994,505992,217956
619000,203035,41977,301002,447960,423009,331999,448936,574035,459010,220961
620000,197998,42958,301999,498564,389994,357000,481960,541995,503990,237996
621000,200951,43988,303962,468000,407332,346775,452947,539996,461041,217959
622000,206999,41004,303012,452952,433994,340043,481996,605046,568992,225041
623000,233996,57999,353034,551956,447000,363045,455996,662991,499997,225960
624000,211002,41990,321002,543042,440049,336952,473042,584986,506958,251993
625000,209011,41982,313002,474949,426660,373959,463998,545033,490048,226957
626000,229997,43997,306036,459992,453999,344000,536959,550135,522954,227041
627000,214035,41992,308962,471933,411960,369006,462998,565986,507013,226018
628000,221557,41038,319018,465947,489029,375039,530046,561990,502956,270037
629000,209948,44025,316992,480955,445036,353967,491009,566949,485033,232035
630000,207997,43957,323001,478996,469034,474958,478039,556952,482033,251009
631000,221998,40953,321013,529995,423977,349002,457967,567997,474994,256997
632000,232998,41999,317001,491038,458002,378996,461997,548048,540000,221990
633000,205006,43001,336956,465044,432997,350002,491510,590937,467035,228001
634000,205998,49999,332959,475037,440995,411032,495966,595001,490011,228049
635000,233002,41998,329997,497965,484927,340035,456955,546039,476001,248003
636000,206056,41003,324992,470998,451046,354042,467950,564046,478949,259993
637000,206023,41000,310991,470968,421003,347999,473009,545004,495956,222038
638000,205035,41005,311996,475009,447998,362949,579995,614044,550948,231998
639000,214997,42991,316015,710909,589969,385450,490011,588378,514544,239965
640000,222353,43536,405396,646310,537729,380991,474975,572024,519284,231361
641000,243894,63552,346172,490202,460928,352553,492212,576881,491641,234316
642000,235771,45120,328774,480555,412270,387376,483043,559356,610208,301993
643000,235974,41996,326995,583635,439804,351102,462601,577650,484376,228997
644000,229995,41999,352045,482995,537231,393908,512099,594896,566820,264874
645000,223348,47192,324445,491316,465678,468391,704759,580120,510941,251546
646000,337702,75060,371108,602049,491326,356696,532689,592807,509289,247807
647000,244152,44018,370539,488957,447740,354212,472359,572910,502970,232623
648000,220927,46157,384019,534029,463107,411431,615507,634993,559610,258200
649000,362811,78041,353816,523197,436356,366623,525258,600917,513750,236999
650000,236009,43411,333233,495022,454157,390032,501944,604647,526678,245275
651000,221517,45052,330824,565267,448003,374301,531937,626564,557167,243052
652000,226031,43321,397893,522818,472694,399384,492257,598865,504848,233068
653000,210391,41990,339359,534369,478887,441041,497604,592142,560202,236302
654000,242028,48308,326623,481386,461497,359309,499942,603032,572941,236050
655000,245002,43005,371016,519990,465948,401002,504996,580987,530998,225998
656000,219049,44015,325951,674030,462955,368048,489988,576957,507041,247995
657000,218002,41999,338050,577998,464997,357650,514997,602949,512003,231991
658000,223048,45997,332992,536950,456039,372965,520054,582039,557998,235998
659000,218958,42995,342039,516954,441044,370003,540001,598966,522995,239002
660000,230951,53046,333049,495987,449564,372002,503033,596956,613993,249999
661000,219040,43000,337007,515977,439009,369993,510029,604947,510040,234952
662000,233004,45014,330996,513952,498996,389999,489001,591027,538993,239951
663000,219010,43951,334996,521006,471945,397998,515032,609959,547517,284997
664000,216951,43994,354999,501054,448994,373998,506035,676260,663995,272992
665000,287954,65956,409037,632958,470041,378998,500044,649998,513043,239999
666000,219993,45984,372031,509078,538997,394053,521989,594990,535024,253954
667000,223011,44007,328947,484009,487038,367000,495995,602958,527045,248987
668000,228993,45004,363004,490986,479996,410984,498059,596041,531008,259995
669000,223957,43037,331959,514000,468001,367011,513990,648010,507995,254240
670000,224928,45001,344999,496000,457042,375998,505993,604996,529039,249948
671000,217001,45004,363971,517958,488013,398959,503998,602961,501037,257035
672000,220916,44997,335017,551986,480050,373999,547037,601955,525953,243991
673000,261041,45957,339637,515004,529989,385005,495036,623965,534992,243002
674000,227003,48006,353003,500950,513022,400051,546997,613045,505955,242661
675000,223984,66002,419951,494659,494952,383034,544933,602041,534044,270048
676000,230996,63982,356959,556098,463958,380043,503954,632028,571013,282959
677000,247987,72989,364969,656994,533999,416996,496041,590000,568960,265755
678000,286998,43998,355999,550999,552551,411990,562559,608032,556996,268038
679000,224958,45051,356042,504999,461993,371980,495960,615994,507000,249045
680000,220988,44007,363995,539962,466992,396999,504030,599958,509044,240988
681000,221048,43999,333993,517955,480043,374007,500949,588994,537995,243993
682000,234040,45048,338582,515525,444942,382048,491001,600945,533050,241337
683000,217997,46006,330962,502003,447041,374987,521357,595043,498951,241991
684000,226050,45005,335005,493001,448955,397991,508996,604039,504648,239993
685000,222999,45001,334036,515955,470049,374987,500992,606971,507048,256955
686000,224988,46008,334058,507043,501995,370991,494994,610997,505966,245046
687000,220997,46007,333992,516483,445044,374041,526959,597983,508962,240049
688000,221038,47004,367968,516005,470946,383040,514994,606594,534943,240001
689000,235014,47961,356035,555007,521991,400997,501007,601987,534958,245996
690000,229994,68047,346003,573973,480035,376991,528038,602954,557995,243037
691000,223002,45013,335994,526002,458004,379003,509997,612956,516050,247999
692000,227962,43996,365995,522634,477955,381036,504963,617039,542950,243995
693000,266030,44973,338003,519971,449960,386005,510948,617047,518999,246983
694000,225001,46000,341995,516037,457964,396931,506979,614996,518503,244962
695000,224038,46002,345008,552998,462994,389039,525958,673122,524013,252127
696000,231957,45000,348040,516957,495035,407000,508971,678007,551013,271984
697000,225043,44990,358014,536948,456515,408027,512967,615034,523956,246998
698000,227041,46005,348961,539040,468609,410997,512581,623046,548988,260994
699000,245996,47035,351014,540015,472001,391944,538997,665510,523999,250041
700000,240001,46991,349978,515998,493997,417995,518047,617942,529653,247998
701000,223584,46016,353002,517001,474954,387038,531996,615958,519022,272003
702000,225963,48044,345002,524993,477010,395945,520003,636034,528055,249008
703000,230949,46999,348043,525963,465038,398012,514992,616002,539002,244992
704000,228952,50002,352994,583000,526962,431041,645595,674997,607993,288036
705000,259029,56005,386957,660999,574992,451992,651968,754518,694997,307991
706000,311996,53992,436037,677953,659995,559998,743558,827996,685039,292964
707000,261047,51994,389957,599996,560000,456388,590044,625979,525003,253011
708000,244035,46008,373016,516991,486004,825051,1176442,1385625,891984,258030
709000,240038,45992,357012,543002,483950,393005,530046,640003,528977,246005
710000,231040,45999,347009,509995,506039,432008,518953,622037,535799,249995
711000,231000,46019,355963,595999,503032,425949,579012,641985,531999,275962
712000,235035,47013,386011,516015,490000,396988,536006,653988,535997,249010
713000,229005,46994,348013,545004,506038,521961,523038,635367,532997,256033
714000,230997,46003,368317,547994,477014,409000,529009,636992,556047,254988
715000,235948,47999,350014,503991,496013,397040,536988,631026,523047,257990
716000,270960,45998,356033,540008,500960,407045,526991,630997,536062,252959
717000,232005,46018,378997,584039,488007,409996,528950,658996,596832,250613
718000,231010,48993,354043,521010,473040,428965,547991,634998,536973,254001
719000,234505,47000,358034,526002,518005,404953,558048,634985,544995,257006
720000,253989,46014,354008,541964,495217,402962,532041,651008,540984,261013
721000,234001,45990,355967,854984,513604,421918,540992,637999,545991,255997
722000,237039,46982,355933,605965,494952,414000,563995,646040,557991,251982
723000,242958,46994,357039,560959,496962,410967,559994,640996,533558,255949
724000,233953,72965,357037,559961,512988,425941,537047,695978,565575,263998
725000,285995,47000,355051,644912,476011,405951,537007,650985,540013,258976
726000,237631,47989,354003,532954,530049,423998,540002,642954,553039,259008
727000,235049,50986,360960,555047,503999,445308,575998,643985,558002,253987
728000,237005,48005,366948,541002,515963,411007,559974,638048,543931,259998
729000,234964,47997,356036,533000,538003,417952,571989,656510,540981,255042
730000,237008,49953,371029,519962,498757,408994,541009,644989,571014,259027
731000,239950,48008,356994,534014,471942,409042,561006,681010,553466,260033
732000,236997,47963,362048,557997,487008,408950,587032,649009,549989,269971
733000,237035,51002,366007,538985,499951,418997,552045,663986,582955,258041
734000,238998,48009,363949,545038,519007,460997,547990,668985,550035,258034
735000,238002,48040,375998,547960,497036,429999,542956,656047,583947,260050
736000,235958,52000,472999,804998,627032,440459,558043,654995,559944,263045
737000,238995,48004,372956,581040,514993,416961,549997,675998,586618,267000
738000,270038,51000,366954,560992,551000,426034,575970,697015,567996,266938
739000,245067,47997,369036,566010,524945,461033,563944,669037,568927,279008
740000,241963,48998,369989,559050,512969,427994,560030,691974,563974,265971
741000,238947,48999,399004,549627,577961,422050,551986,653995,562003,265994
742000,257029,53014,372999,544954,504662,420996,560954,684051,563994,263955
743000,244992,48000,370001,550997,532046,435995,565951,668002,566045,264003
744000,241964,49026,368630,607950,480044,424983,560010,680991,582009,270980
745000,244032,49016,368950,537052,546997,434986,602948,664526,565996,274041
746000,242995,49000,367635,586002,556986,422039,566965,682053,563004,280955
747000,273976,49995,378028,535969,510991,424002,573036,696016,575945,293989
748000,244965,50026,369010,586926,541994,424960,566986,673005,577946,272052
749000,268939,51002,376962,560672,510998,458036,570955,703976,577040,269000
750000,248003,60965,435001,591518,533996,476983,606992,706999,637035,272014
751000,243003,57989,376964,543038,543014,424456,578038,677009,566944,270035
752000,249967,54000,372001,599955,522058,448999,567046,685008,562012,267002
753000,244045,50000,371996,544996,546049,428946,568041,676999,586034,263957
754000,242994,50042,373963,667047,507002,428987,580999,675958,563504,267054
755000,247037,50005,377001,642003,508959,422997,571995,714598,589946,266049
756000,240999,51999,371997,565995,534958,428042,600949,700041,576491,270966
757000,251963,51049,377006,586957,542037,434982,574994,691954,570052,279943
758000,242516,49997,373955,570686,527964,439050,569948,690036,574009,297000
759000,277008,49990,381272,581993,545000,429999,573627,671999,572960,269001
760000,258045,50990,378002,571018,510988,440558,578990,699008,569999,269003
761000,248005,51950,377040,581954,579995,452002,571996,676041,570997,267001
762000,250994,49989,397965,570010,548000,438563,570000,698960,590987,293003
763000,248998,49998,381994,559035,542962,489049,583968,685452,573999,272043
764000,251994,49998,393001,572034,514022,434003,576034,677604,605983,270999
765000,247014,51004,410948,573030,534008,441954,601045,755047,626602,276956
766000,248999,49999,380041,605000,508013,465988,575001,682956,595038,270273
767000,255959,49998,376000,590987,555961,438994,594996,689986,591033,273957
768000,251033,51003,377963,724039,518957,440988,576000,709031,595959,273995
769000,250990,49961,387001,559039,524015,437033,593012,704174,579983,273006
770000,255996,52039,383003,586005,537012,441040,576036,684006,577997,284990
771000,251047,71999,386997,563040,545959,440994,619547,688996,582999,275918
772000,249008,51004,382004,569001,559956,457031,591959,696195,587059,285993
773000,249002,50005,377040,586960,547045,448997,587945,707038,585997,277959
774000,251000,51049,382954,544038,546961,448004,593007,702992,581051,280948
775000,259047,51004,380994,584946,564042,446007,584994,719046,595997,271600
776000,253957,51997,384044,591986,528000,473000,585984,723993,586035,275012
777000,265992,50999,386999,618998,502045,443949,620947,714997,590043,275502
778000,251033,52015,390601,570946,589999,443991,592010,712048,587954,274969
779000,285010,51000,389018,560642,608965,455028,592003,712009,588985,279012
780000,253998,51010,381988,594004,545993,448042,595008,700986,632961,278039
781000,275952,51997,393998,585037,535007,447989,587956,726036,591008,276953
782000,252051,51952,385990,591002,541065,464990,592996,725005,594948,275002
783000,294996,52003,386988,592960,540031,450736,591007,723001,597001,277008
784000,252988,51005,388012,622001,553055,455460,624038,701994,614040,279957
785000,288043,50041,384008,576948,555997,450990,621545,719995,598993,279048
786000,257621,50966,383003,581935,539972,453050,592955,703048,589960,305997
787000,278038,50997,389005,797959,540996,453996,612995,843959,631046,298004
788000,256997,52003,390010,759998,548004,450927,641039,792953,631999,284035
789000,270987,54013,399002,636994,541034,456037,608962,708630,596960,275038
790000,252956,54000,413995,645000,520996,456997,602947,712034,616995,274997
791000,252001,54008,390000,616003,521001,470993,602999,784993,678038,280949
792000,281995,51998,409040,614376,545011,454998,604960,756959,602996,279999
793000,280007,52988,390993,590984,552007,465002,598918,718049,633963,283961
794000,259994,55015,408015,624995,542959,462996,610002,730956,614991,280002
795000,259049,51005,391952,615000,585042,470956,603040,717947,618038,282005
796000,278961,51999,398045,605966,545098,466000,627999,746995,595998,281048
797000,255013,52955,395040,579236,566991,466037,625963,748036,628997,298996
798000,262997,54044,408046,623234,560011,466008,614996,731021,606986,284962
799000,297010,52998,396002,609924,571036,467000,606960,775965,613955,299033
800000,260036,52996,404002,651168,576957,465038,824774,851146,686226,287804
801000,308335,53536,467045,646950,589985,537611,740137,831551,710897,1145862
802000,550800,52351,1032910,1818315,1064671,995527,1649159,2561560,1008940,701904
803000,854823,232296,1490121,2642946,1211287,1125475,2693875,2224057,1988938,833597
804000,435069,305316,1282885,1470874,1412735,905015,2905409,2491772,2256743,548662
805000,906056,156337,1543787,1439734,1021571,1098886,2523605,2047633,2237920,898627
806000,1132721,265115,941347,2364161,1749467,1487434,2121390,1384143,1823105,1511379
807000,566800,260655,1285200,2084258,1734141,1806202,1351926,1963994,2222005,1034443
808000,696872,62340,1201832,1772529,704913,708916,1448229,1063221,1514555,534909
809000,267583,58253,644519,1321419,714623,1422544,2410241,2626681,1873205,739754
810000,784133,144494,754452,2250638,1622824,1248203,1787232,1961858,1646029,908915
811000,722377,238693,911677,1551338,1620692,1296385,1784684,2080899,2033818,506883
812000,606722,253725,1838274,1666023,2772766,1569212,1957538,2004365,1840990,853855
813000,886126,96212,1061752,1620289,1470470,1505897,1819105,1888279,2272883,742367
814000,525912,137279,1036398,1202339,1156594,724056,1264120,1555165,1325389,449802
815000,507360,106955,601534,892297,1044089,1236029,1179562,1220094,1625219,617645
816000,468439,81678,512330,845294,821747,842140,1098047,1004054,1151620,458746
817000,432587,95493,679794,1110811,1082444,831225,1079730,1272122,1444423,570085
818000,529749,109475,637320,1049546,1044998,1261111,1700508,1526361,1482348,542784
819000,686712,132345,736254,1273919,1213464,1147206,1218526,1709590,1453817,594398
820000,408448,68263,802326,991551,897851,807322,1008681,1801946,1579305,571481
821000,888206,81720,1281236,2278658,921939,971868,1608731,1296579,1109822,614960
822000,614670,60648,1059327,1015557,1414924,1484500,1265671,1527384,838265,609080
823000,314912,133028,962478,1510065,1661583,681241,1398689,993092,1352542,642633
824000,516449,105762,1065349,2212119,1088094,826338,1106488,1996538,1887964,443296
825000,701885,229209,1220840,1376574,866690,1028132,1845836,1713204,2062616,754409
826000,740469,192031,1294431,1102013,1131317,1382303,1675087,1556684,2414901,521850
827000,688937,181623,1389452,1570192,898133,1063635,920781,1996650,1851191,910504
828000,894962,205940,1417059,1327062,1368107,1315276,1417525,1494576,1348394,449984
829000,457336,76746,707049,2119162,907555,1197886,1598217,1352465,1207624,715172
830000,418808,87871,1028685,1137175,1214502,1110060,1153716,1561085,1541793,615437
831000,683713,159367,1300071,1610633,1490509,1455404,1709852,2657578,1874855,547943
832000,914485,72616,868995,1138938,1497798,988650,1370967,1556972,943352,797511
833000,682622,64099,614565,1088760,1492853,1193712,1120449,1344003,1324910,510762
834000,377168,67112,1170734,1485578,1727121,1293542,1326464,1472898,1374107,492585
835000,478485,71581,775678,1381069,1490400,1211673,1623411,1988971,1486808,485562
836000,475691,139225,659280,1794864,1053733,855258,2041178,2226909,1064661,413086
837000,674006,81521,746764,1421156,2024305,1103733,2017402,1489224,1263496,595021
838000,589437,99282,751807,1169245,1639170,717298,1443730,1499842,1090106,855473
839000,768423,182290,1122986,1048222,1145714,1189784,1438172,1507540,1704173,588880
840000,581376,131260,820622,1708456,1142087,1143042,1140844,1678656,1931156,594693
841000,765664,97788,946286,1833985,1381801,1084899,1799592,1493128,1796681,665553
842000,854656,159493,977756,1845847,1202647,932091,1794267,1487326,1801633,430450
843000,590212,188434,962280,1312900,1690748,1098244,1275913,1685896,2166657,488133
844000,359700,68408,849639,1427190,1491298,1001554,1362169,2256805,1614839,390202
845000,502648,147673,1003144,1669946,1543218,745882,1039426,1533921,1546171,778518
846000,629562,180370,1159125,1627129,910028,752000,1154346,1662356,1669508,773514
847000,362366,153493,601435,1384514,1386647,1190456,1297770,1316608,1777772,694519
848000,502490,118578,543222,1491546,1426384,855784,1003851,1900787,1737447,1001195
849000,632391,108583,906890,1474451,1402091,1378788,2035044,1909449,1575858,606075
850000,601115,162004,776385,1621967,1106774,1226371,1565208,1688228,1876107,652045
851000,669320,85102,918851,1476123,1309016,1316480,1003080,1769538,1279509,402230
852000,360429,131257,854626,2722700,1600183,1072606,1758536,1738930,1118129,657658
853000,811470,156624,1074479,1208851,1123612,1043079,1520453,1875647,1812757,487098
854000,632200,158913,899735,1718828,1363046,1121645,1140702,1666966,1727465,537214
855000,514808,136666,1039698,1717408,1131850,1007357,1881751,1981934,2271716,581156
856000,565735,182192,865860,1406669,1462126,1135602,1528121,1977651,1793920,626449
857000,497944,199410,663911,1852083,1664129,1239015,1187265,1609708,1641511,535174
858000,382253,84404,659081,1185774,1648492,1210687,994462,1249927,1693103,572929
859000,683748,97876,1098422,1336277,1387979,776007,1253244,2185187,1657621,651097
860000,875903,166538,722618,1260832,1135804,767065,1829675,1558093,1688171,995207
861000,386275,86206,752176,947682,1097319,738764,1437921,1263892,1631888,585881
862000,513302,154544,1161852,1403811,1365249,1129078,975749,1361566,2254734,632717
863000,743169,134407,985461,1738721,1058660,1031652,1704094,1710832,1694745,801256
864000,395680,75741,693721,1075104,1405742,808797,1197545,2187322,1472594,493843
865000,533080,73736,1024620,1120899,1524169,1121700,1419347,1505399,1575460,653415
866000,721625,86935,1057884,1433689,842662,701279,934820,1080953,1167575,406134
867000,399021,78139,561629,880284,846220,778256,929865,1086705,1148874,440481
868000,410287,138752,616876,945819,912865,787079,927055,1076002,1007480,451981
869000,416568,75835,623605,997989,889133,792112,979473,1019905,952717,404933
870000,440455,178381,775398,1185140,980266,920833,1233134,1052955,1066271,449349
871000,423647,101870,616051,818453,827494,690769,989030,1097104,1114646,403959
872000,432640,88455,740280,1037626,1005609,799462,1042785,1122274,1034983,402814
873000,382278,73821,634926,970020,838850,732418,923788,1227321,1037798,414712
874000,401507,85658,612434,956099,890391,769138,970115,1560593,1359120,807311
875000,698194,105816,639379,1186413,970144,870059,1668966,1513188,1462868,842714
876000,966368,71388,691373,1179764,1166481,1065690,1877867,1541910,1446917,655046
877000,617183,246114,979842,1241074,1167980,906094,1090240,1273791,1429304,566469
878000,562234,77574,1577404,1191432,1056200,1316573,1712978,2159422,1614755,835660
879000,1053115,70526,764310,1622066,1446376,1282368,1620391,2131113,1246766,424684
880000,803894,79089,815665,1520904,1501599,1220661,1369555,1779855,2029877,612977
881000,403997,132965,741864,1321521,1071049,1896352,1570287,1472501,1346358,622952
882000,717347,72135,942325,1266672,1008084,1300887,1355441,1602275,1250482,658578
883000,715376,86998,876664,1481449,1384162,1289696,1534936,1680485,1548570,696413
884000,752647,206406,1021863,1758608,1367589,817473,1143759,1915310,1819765,564014
885000,575991,231822,820699,1682373,1269093,1100084,1841491,2093243,1762820,961928
886000,524750,99951,890420,1448922,1403365,1144656,1175018,2225135,1053120,400261
887000,441830,73213,1102572,1400564,1688616,1561645,1820502,1903376,1750326,774450
888000,442548,71554,958793,1150050,1010005,1881925,1217903,1415491,2123168,573716
889000,705004,67339,756850,2007590,1926053,1023944,1089216,1718978,1562108,530788
890000,718868,203850,991227,1334462,1303258,1596566,1006902,1768996,1945137,551690
891000,868288,73552,1197043,1221156,1544318,1443529,1424125,1394050,2006467,845852
892000,936664,276207,1128523,1675711,2377542,1603556,1298396,2119200,2109081,1010344
893000,760791,197516,846599,1856037,1040481,888614,1820845,1974449,1322855,561832
894000,637117,234254,836612,1471424,1729436,1240560,2257288,1818693,2538487,808558
895000,838624,69051,1053588,1421090,972343,1030125,1593492,1656653,1193734,416168
896000,710906,171640,663245,1067159,722433,791704,1226160,1168494,1114479,505690
897000,790952,158865,655828,1215022,1397083,896145,1477377,1735502,1336001,747678
898000,718744,129962,871055,1254802,1048236,991080,1054614,1601823,1136236,750778
899000,694568,133044,801702,1552395,1642897,1364893,2068337,2334227,1450611,618926
900000,594010,277943,1295643,1248650,1779292,1416369,1317054,1503016,2004426,732849
901000,679392,123308,806444,1894588,1344632,879980,1477333,1489094,1416594,595770
902000,699973,164951,903286,1184242,1499574,1130301,1350178,1198017,1741037,555176
903000,521342,205439,1351665,1589772,1003891,969842,1391470,1465498,1690161,669606
904000,476727,133825,896849,1785951,1501261,1146451,1430508,2285971,1735832,535057
905000,641684,188071,553300,1221777,1519801,1316132,1561183,1710678,1306420,512391
906000,707465,205114,1220768,1335959,1213127,1583939,1790350,1393129,1178010,748827
907000,869991,194068,735828,1110254,1265113,1066072,1319588,1832774,1747547,691073
908000,482938,190954,694324,1781592,1502997,1151952,1647039,1664430,1723679,774954
909000,477275,88248,730547,1180024,1773472,1449990,1735622,1657194,2081229,472958
910000,535008,193410,799026,1473603,1113394,1587837,1430810,2068533,1345216,499278
911000,593861,180223,1026533,1295495,1061774,1648974,1347803,1702102,1947923,551061
912000,468250,131722,870940,1584897,1097045,1550597,1908670,1943542,1760945,620456
913000,902901,138638,1204460,1350047,1563696,899421,1751298,2074086,1879605,1053241
914000,875402,77760,1083699,1389700,1302008,1234057,1498711,2353114,1907362,461929
915000,425560,71450,1321538,936938,1479832,979904,1146979,1342225,1544589,779676
916000,748055,187372,840398,1772390,1222835,886977,1653680,2328191,1348162,670672
917000,536099,74247,1043390,1232502,1266662,1445637,1754705,2061376,1194766,468351
918000,699912,154138,793687,1975728,1129940,1388594,1581246,1289615,1766585,930780
919000,571226,81112,648575,1551042,1585473,1232573,2153633,1895525,2024109,685082
920000,366089,205417,957404,1946864,1652570,1101350,1861511,1560380,1697768,951890
921000,1053669,233212,1201325,1501840,1703977,1044312,1616211,1406394,1515910,748117
922000,838667,223115,1117286,1817153,1349823,1497332,1224581,1456485,1785456,688827
923000,477248,105982,1071087,1085402,1237916,1580976,1863628,2497159,1934524,604518
924000,424388,104278,633431,1042048,903921,761099,956070,1218607,1211058,441504
925000,397626,80149,614379,982523,1065059,751055,969098,1185062,1129608,434188
926000,462102,103025,609501,1044862,1010896,805304,1010293,1188516,1385491,1165913
927000,769602,244317,897499,1709607,1156649,1000564,1324899,1734069,2045006,763401
928000,770136,161454,1239445,1937514,1207384,994855,1263928,1990304,2067086,954378
929000,636107,95308,729069,1731017,1162879,1425013,2129796,1979703,2260411,875294
930000,466468,71669,696950,1463165,1405282,1605107,1331797,2486755,1298179,531192
931000,780048,230547,1709139,1587354,1478085,1839235,1485713,2184875,1178949,928145
932000,834115,208695,768562,1267600,1576449,1236925,1572815,2152776,1511253,926521
933000,530502,100119,1439037,2012717,1477363,1456923,1705072,1583040,1965657,490569
934000,438597,76272,653984,1851776,1593683,1261397,2261075,1853064,1964016,752681
935000,716811,98896,991755,1180914,1174451,1964014,1906036,1822780,1492962,1020832
936000,556723,120214,689950,1816146,1818209,1685887,1761996,1726471,1516484,719121
937000,520409,76103,849924,995485,1168723,1209193,1456194,1375770,1337766,1530417
938000,508221,119430,938883,1715852,1190186,1672050,2016675,1563032,1521324,549660
939000,602398,167785,1030178,2079254,1349315,1383864,1280129,1604384,1808541,707005
940000,472398,154303,770115,1477483,1572499,1174734,1332651,1751040,1956382,958313
941000,462714,144973,1139096,1188246,1576719,1069293,2166849,1682118,1317739,590056
942000,478239,113110,1507856,1742730,1251992,1211260,1559933,1497340,1873699,696368
943000,669923,155097,966086,1419281,1726552,1777952,2003181,1472527,1592458,712260
944000,832507,100320,1124850,1742722,1351891,1185551,2228252,2441208,1966581,917480
945000,800881,106244,1249827,1337238,1132592,877016,1879519,1935072,1777241,585987
946000,487457,75680,933595,1840452,1901636,1063870,2060382,1665426,1675018,701025
947000,729245,102087,939192,1996736,1497162,957434,1793420,1989106,1832100,565885
948000,622142,79340,774298,1301132,1299231,1247039,1523593,1331096,1899542,774126
949000,472532,134785,953548,1604151,1055817,917397,1527486,2427737,1912842,505121
950000,464820,89684,1105552,1744574,1517475,1353620,1671183,1956818,1679270,1059502
951000,548521,180515,900338,1224368,1689192,1637727,1670168,1673381,2177057,562754
952000,939443,204744,1557341,2241832,1423449,1415700,1657678,2381736,2010462,762938
953000,713715,254276,958637,2096212,1834174,1569380,1758033,1695632,2505646,962071
954000,879307,163549,1517050,1934923,1678485,1059280,2856012,1972882,2716878,539780
955000,431510,183486,961106,1450200,2240201,1373229,1828120,2247920,1615877,997652
956000,472169,113996,1043877,1464985,1157713,967054,1826033,2286166,1936504,428530
957000,454625,158567,708938,1047837,1427999,1601221,1757624,2262034,1712541,1073441
958000,812067,86088,1332399,1640808,1182186,1450984,1440461,1919263,1221460,527250
959000,712711,130181,821590,2277853,2510768,1542874,2143427,1759887,1963709,1175093
960000,486102,105626,760558,1984867,1472696,1501352,1934100,2179057,1832526,738878
961000,705351,184156,1260082,1601373,1805730,1263447,1563911,1758454,1089701,488077
962000,437970,135298,1123739,1536381,1521808,1278258,1481262,2524339,2023812,587483
963000,962918,182613,995747,1241534,1393666,897004,2077414,2116882,1711795,554888
964000,576216,253030,1727229,1865235,1836883,1094984,1737021,2731469,1738046,1114135
965000,584688,157987,958440,1931191,1399106,1622213,1307758,1836918,2217868,486533
966000,582236,256531,1435031,1657803,1185183,830933,2106611,2806163,1832030,795595
967000,544962,114514,1031007,1637965,1601650,1214245,1718626,1986894,1995907,921524
968000,757333,84668,1085306,1317321,1553038,1150778,1010657,2405104,2073396,793200
969000,840155,231739,1285300,1553411,2150922,1719016,1792897,2436676,1706298,873516
970000,470822,83835,1170269,2390794,1649843,1480644,1814958,1972991,2480865,792986
971000,546040,139069,1193113,1408082,1605145,1625634,2388456,1840171,1163730,451006
972000,470103,88978,662782,1011937,1077257,803020,1065150,1194626,1312933,478076
973000,442192,93572,707671,1006917,1009086,822543,1012409,1307065,1259731,514013
974000,565209,93466,676122,984808,1528859,1974342,1333093,1846031,1847302,573082
975000,526807,115728,912888,1497029,1708608,1760809,1742932,2237863,2282441,881943
976000,818675,208978,1279164,1409180,1479699,1022062,1679452,1976676,1948212,633509
977000,1042553,77997,1468151,1537692,1228041,1254866,1780919,1565276,1575612,504225
978000,686408,93539,1066876,1328798,1795897,1349941,1813845,1721813,2220070,675364
979000,476685,103030,1034212,1772915,2147113,1213613,1993400,2297033,2440719,872511
980000,491064,103690,961348,1500696,2170086,1510663,2275173,1989834,1392582,1216662
981000,1079944,134196,726248,1308642,1755907,1460442,1564513,1472704,1575968,949987
982000,584662,121240,1016391,1582332,1342438,1280907,1387026,3056733,1535018,703665
983000,960924,151709,1617322,2445274,1295852,1062368,1532920,2566641,2226572,1329827
984000,1026133,294321,1365289,3052030,1163169,1048027,1559611,2381125,1710021,491694
985000,814303,84739,1017737,2111461,1403357,1232296,1888937,2009268,1960936,922213
986000,619488,213710,814646,1872906,1608598,1482550,1846244,1588110,2150164,829383
987000,548275,118786,857389,1314889,1481649,1211738,1659217,1781908,1552679,863902
988000,486451,141259,1293494,1413517,1112426,1186561,1438215,2065443,2086125,826046
989000,1026033,97275,1210590,2212894,1558944,1979469,1371180,2100447,1705337,968281
990000,790155,295088,1335643,2156983,1514009,1594463,1398409,1939835,2021147,534360
991000,855652,177576,1210319,1832287,1322679,1173289,1380754,2457997,1607671,660656
992000,664438,84045,1374687,1851837,1225445,1267123,1857433,2262958,1820879,604944
993000,857824,204977,1769226,1707953,1472399,1216553,1984034,2113260,2001846,688369
994000,759894,173668,1276099,1931219,2453051,1374116,1975551,2379778,1968494,945410
995000,764979,171591,1171480,2029324,1414470,1440176,1391939,1786025,2006898,670434
996000,709742,316776,1414278,1468597,1466025,1805352,1919830,1697158,2481101,931282
997000,990944,119205,931647,2236060,1524952,1445968,1240188,1783780,1996361,903889
998000,659169,283188,778901,1350468,1416187,1166831,1264686,1710720,1784720,484295
999000,965274,193949,994799,1312807,1233707,983224,1587672,2156254,1560177,540609
1000000,582975,84990,1072164,1891108,1644056,1763231,2025654,2428986,1898126,479647
