,Radix Sort(Base 10),Radix Sort(Base 2^16),Merge Sort,Shell Sort,Shell Sort Knuth's Sequence,Quick Sort(Median of Three),Quick Sort(Median of Five),Quick Sort(Median of Seven),Heap Sort,STL Sort
1000,1032,0,0,999
2000,971,0,1034,964
3000,999,0,1000,1027
4000,1001,1008,0,1001
5000,1000,1000,968,999
6000,1999,1000,1001,1000
7000,1999,1000,1000,1000
8000,2210,1010,998,2000
9000,3999,1000,1000,1000
10000,2999,1002,1998,1000
11000,3999,1000,1000,2000
12000,4000,2038,1005,1997
13000,4999,1001,2002,997
14000,4994,1971,2033,993
15000,5001,2002,997,2000
16000,6001,1959,1999,2000
17000,6001,1999,2001,1999
18000,5000,3001,1998,2001
19000,6000,1999,3001,1000
20000,5998,2000,2999,2000
21000,6998,2000,2999,2001
22000,6999,3002,1997,3002
23000,8003,1995,3964,2036
24000,6998,1961,1996,3003
25000,8958,3038,2999,2000
26000,8998,3000,3002,1997
27000,9001,2996,3001,2960
28000,10998,4004,4043,2001
29000,11001,3994,3002,2999
30000,9999,3999,3001,2998
31000,10965,3033,4007,1993
32000,10001,3000,4007,2990
33000,11001,3996,4001,2949
34000,10996,4000,4001,2999
35000,10969,3999,4002,2999
36000,12010,5014,3986,3995
37000,12994,4000,4001,3998
38000,12998,3999,5003,2996
39000,12997,5007,5000,3000
40000,13979,5063,4955,3996
41000,15035,5010,4997,3999
42000,13998,5003,4002,2999
43000,24997,8999,10997,5045
44000,14987,4999,6002,4005
45000,15998,4998,5009,4002
46000,14998,5999,5000,4000
47000,15999,5999,6000,2999
48000,15998,5999,6001,3999
49000,16999,6999,5999,5001
50000,18040,6003,5997,3004
51000,18001,5998,5998,4002
52000,18038,6000,6000,5003
53000,17997,5999,6999,4008
54000,18999,6000,7000,3997
55000,41001,9995,7997,5038
56000,19998,6010,5999,4999
57000,23036,5998,6995,4002
58000,20039,7001,5998,4996
59000,19995,6996,6999,4953
60000,20000,7297,7002,4997
61000,20997,6996,6999,4002
62000,20983,7013,6999,5003
63000,20997,8005,6994,5003
64000,21959,10015,7998,5039
65000,21997,8003,7995,4997
66000,22998,8003,7995,6003
67000,22997,8002,7998,6001
68000,23997,7997,7960,4989
69000,29999,9995,8997,8040
70000,23998,10963,10998,6038
71000,24001,7998,9007,4991
72000,25002,8991,9003,6001
73000,25004,8952,9035,5002
74000,24996,10000,9962,6036
75000,25996,9001,8996,5997
76000,25957,10994,10998,5999
77000,25992,9038,8995,5994
78000,25999,8999,8999,6000
79000,25997,9998,9001,6958
80000,26998,8998,8996,4999
81000,27995,9998,10001,6003
82000,31032,10000,9959,6039
83000,27995,9001,9005,6991
84000,27990,10004,9994,5973
85000,29997,8999,10007,6000
86000,28992,8997,10000,5997
87000,31997,10958,10034,5996
88000,28995,9994,11006,5991
89000,29996,10000,10001,7000
90000,29996,10996,10999,5999
91000,30999,9997,9996,6998
92000,38036,10998,10999,6003
93000,31001,10001,11002,6997
94000,32041,10997,10998,6998
95000,31996,12000,10951,7043
96000,45957,18995,11998,6999
97000,31993,10997,10995,6998
98000,32996,10995,11998,6999
99000,32995,10996,10998,6999
100000,33994,11998,11998,7000
101000,37036,12000,11998,7998
102000,35050,12003,11999,7000
103000,34997,11997,11997,8001
104000,35997,11999,11976,6999
105000,37990,12012,12951,8046
106000,35988,12995,12999,6999
107000,35997,11998,11997,6992
108000,36940,12999,18970,20980
109000,44919,11999,13000,7997
110000,36999,12998,12996,7999
111000,36993,13959,12998,7997
112000,40997,17999,15995,11000
113000,39000,12998,12996,7995
114000,38996,13998,12996,7996
115000,38994,13996,13956,7998
116000,39996,18009,14997,8999
117000,39038,13000,14000,7998
118000,39951,13999,14040,8997
119000,39992,14007,13998,8993
120000,43956,13995,14998,8999
121000,39989,13998,13997,8998
122000,41997,13996,13996,9035
123000,40994,13997,14977,11030
124000,43045,14998,14996,9002
125000,42995,14947,13996,8997
126000,42995,14998,14998,8999
127000,47993,15998,15005,8997
128000,43954,14998,14998,8999
129000,44994,15998,15998,9040
130000,43989,15955,16040,10007
131000,44001,15994,15999,9000
132000,44967,15000,14999,8998
133000,44994,15001,16958,10997
134000,46002,15988,15031,9992
135000,45996,15997,15960,8998
136000,45994,14997,15998,9956
137000,46993,15999,15998,8958
138000,45993,15998,15998,9996
139000,45993,15997,15998,9004
140000,50997,16999,17006,10000
141000,46992,16305,15994,9996
142000,51041,17000,33069,12976
143000,54969,22037,20957,9981
144000,49994,16999,17007,10032
145000,48995,17962,20929,10009
146000,49998,16997,16997,9968
147000,49994,16997,18000,10000
148000,49995,17947,19999,11035
149000,51991,17989,17000,10001
150000,51001,17006,18997,10958
151000,66974,17998,17997,10998
152000,50996,17997,19010,9997
153000,51994,18019,17994,9998
154000,56996,17997,17997,10995
155000,51992,17997,17995,9997
156000,52993,18997,17994,11000
157000,53988,17996,20045,10992
158000,55991,19996,19990,10999
159000,54009,21976,18001,10999
160000,55991,19000,18999,10998
161000,54991,17996,19000,10994
162000,58024,18999,18998,10993
163000,55953,20046,19999,10996
164000,55986,18997,18954,13002
165000,55985,21013,20000,14992
166000,58946,20034,19996,11998
167000,60985,19033,19996,11998
168000,55984,19960,28981,13994
169000,57991,22995,21998,11998
170000,58993,19990,19996,11998
171000,57993,19997,21998,12038
172000,60997,19978,19998,10998
173000,59992,20954,40997,14995
174000,59994,37984,27037,16000
175000,75957,22995,21997,15058
176000,97987,23047,23002,12995
177000,62981,21999,20998,11998
178000,60953,20991,23997,11997
179000,60032,20995,20999,12961
180000,60993,20998,22039,11996
181000,63682,20956,20999,11998
182000,72004,21000,23945,11998
183000,70998,24035,21045,13991
184000,63943,21996,21996,12999
185000,62996,21999,26033,13008
186000,70949,26029,27005,13008
187000,66981,26966,23042,16000
188000,83953,29993,21996,13997
189000,67998,27010,27976,15002
190000,64953,21996,22998,11997
191000,64992,21996,23036,13003
192000,70989,23997,23200,12990
193000,66967,25997,26999,14057
194000,69990,24070,22996,12997
195000,66989,22997,22001,13002
196000,67960,23997,23995,12996
197000,69039,23997,22993,13991
198000,66990,26034,22994,13994
199000,67990,22997,24029,15958
200000,69998,23996,26945,14039
201000,67990,23991,24002,13999
202000,68989,23959,24005,13953
203000,69948,23995,24035,13997
204000,68930,23996,23997,13996
205000,71007,25951,24047,14047
206000,70991,25047,23946,13994
207000,73031,24991,24999,13997
208000,73955,24995,24994,14999
209000,88990,28003,23996,14000
210000,72232,24996,24997,13994
211000,75985,23955,24993,18993
212000,74038,24996,26996,14999
213000,78990,26949,37044,35945
214000,74952,25997,25996,14977
215000,74997,26004,25996,15006
216000,74953,25996,24993,19995
217000,74987,28995,24995,14993
218000,74985,25994,25993,17998
219000,95970,30033,25999,16005
220000,79932,32960,25036,15024
221000,75990,26959,25992,14995
222000,76990,29032,26998,14999
223000,77998,37943,39990,14998
224000,80989,25996,26043,14997
225000,77988,26995,30047,15998
226000,83983,26997,40996,19035
227000,79976,33958,34038,20985
228000,81975,30961,33985,18037
229000,82958,26999,30993,16022
230000,78942,26996,27995,14996
231000,85988,27995,27994,15997
232000,80992,29030,26994,16008
233000,83989,27997,27000,15996
234000,79957,27986,27957,16002
235000,83001,27991,27996,15948
236000,79989,28998,29986,18993
237000,79989,26992,27995,17004
238000,82979,28997,29998,16055
239000,80990,27958,27999,15997
240000,80990,31997,28006,15993
241000,82949,48986,30034,16978
242000,85984,28503,28994,16009
243000,94975,27991,28996,16996
244000,81987,28999,27993,16996
245000,82994,27995,39987,16000
246000,85986,29033,30003,16995
247000,88945,28992,28995,16994
248000,83985,28994,28993,15995
249000,90028,28995,31995,15999
250000,87000,30948,29996,18999
251000,84281,29998,30948,16994
252000,85986,30996,32016,17007
253000,85987,29996,29996,16997
254000,88986,29995,29997,16998
255000,87987,29996,29994,16959
256000,102987,29996,30957,17037
257000,88987,30989,38004,16998
258000,130982,38940,38042,16997
259000,89029,30956,32062,18997
260000,88938,32995,33996,16994
261000,89984,30033,30994,17241
262000,94918,32036,30995,17999
263000,102949,43022,30995,19958
264000,92943,31997,31995,17996
265000,95987,32992,31995,17997
266000,92025,30992,31993,16994
267000,97985,32037,31995,17994
268000,90960,32042,34983,17999
269000,101957,44979,30992,18047
270000,94980,31959,31994,17993
271000,91989,31995,34995,18996
272000,113027,31995,31996,18000
273000,109943,32995,32994,19004
274000,93987,33029,32956,20996
275000,93007,33065,34008,18999
276000,98026,32028,33057,17997
277000,93988,32999,32956,17994
278000,94984,31992,31994,18990
279000,118020,32997,33993,18991
280000,93984,33000,32954,18997
281000,96989,32994,34007,18991
282000,96943,35034,32993,20001
283000,99991,33992,33995,18956
284000,98026,32991,33993,24028
285000,98951,36044,33998,19995
286000,96977,33996,33993,17997
287000,112032,35982,42991,25996
288000,128944,40334,34990,19996
289000,98990,34996,37992,18996
290000,97987,34976,33995,19003
291000,102017,36005,34994,19996
292000,97988,34959,35030,19000
293000,99944,33996,33995,18996
294000,102980,35992,34995,19995
295000,101985,36004,35997,20033
296000,101988,36956,36041,19959
297000,101985,35994,34995,19997
298000,100990,37994,34996,18995
299000,101988,34995,35995,19958
300000,113948,50011,41015,19985
301000,109945,38022,41035,22955
302000,134938,42001,38995,20982
303000,110978,35993,37994,28000
304000,105310,37993,36995,23947
305000,117913,36030,36959,20998
306000,111956,39994,38990,27996
307000,111988,37997,45982,35996
308000,120984,59027,44975,25969
309000,123986,36999,36992,19997
310000,109027,37992,36943,21996
311000,109037,37932,38035,23946
312000,135002,54010,46955,28994
313000,112984,46984,51959,23032
314000,124923,41991,48996,28990
315000,139984,43993,45982,27972
316000,133968,38993,41989,29992
317000,116018,47026,39961,25027
318000,131983,41992,48985,23009
319000,117992,54023,50953,23997
320000,123024,51985,42999,26949
321000,123982,38996,40025,22972
322000,127983,58000,56966,23992
323000,146934,48987,40991,24002
324000,144985,43981,43035,36996
325000,134922,54034,40981,25995
326000,139974,43037,40946,23001
327000,131953,41026,54002,29934
328000,129969,41020,46948,24957
329000,124003,44012,41962,28980
330000,124981,46007,43985,26984
331000,135011,43961,45004,24967
332000,143959,42023,50947,32020
333000,141976,48992,44946,23023
334000,124939,43984,49026,26989
335000,143355,55995,47998,25983
336000,128986,44987,46990,23996
337000,116984,40994,41950,25037
338000,115984,39991,40991,23998
339000,119018,39966,42004,24994
340000,123988,42989,42992,25035
341000,123984,44263,41031,24994
342000,119944,40991,45036,23985
343000,125977,44959,41995,26946
344000,123982,48941,47994,26028
345000,132975,50043,45956,24005
346000,140588,44027,44957,25005
347000,125977,47033,43006,24038
348000,126931,45009,41989,25992
349000,126025,41976,46011,23950
350000,128975,41985,47962,27031
351000,121933,41997,42991,24998
352000,129026,44004,43936,24992
353000,135984,41993,42992,23989
354000,144934,43008,44996,23996
355000,139958,45996,42001,22993
356000,121983,41993,43995,28996
357000,143033,71941,47988,23997
358000,121985,42043,43991,25954
359000,123982,42993,42989,23994
360000,125978,41994,41994,22996
361000,127022,43030,41997,23960
362000,127976,43994,42993,23996
363000,124986,45995,45041,23950
364000,123935,42993,42992,25994
365000,124032,42954,42995,24998
366000,138489,43032,45004,23999
367000,129985,42998,43000,23998
368000,128983,42956,44031,24034
369000,127943,43994,43992,23996
370000,129021,47956,44034,25004
371000,152030,44993,45942,23996
372000,127981,44031,44163,26959
373000,126986,43983,43996,24998
374000,129984,44004,43989,23996
375000,129970,45037,43992,23959
376000,129977,42998,45955,28996
377000,136020,44995,44987,25994
378000,127981,47993,43995,25036
379000,127973,44996,50991,25992
380000,129994,44985,45040,30984
381000,129943,46030,68991,27998
382000,130986,43994,44034,24996
383000,134934,45993,45993,24996
384000,135023,45955,45993,24988
385000,139944,45992,46027,25045
386000,136933,45989,46991,26032
387000,146034,47943,45993,24997
388000,131983,46031,49031,24953
389000,157030,46998,49033,25002
390000,133980,45992,46955,30952
391000,135349,46000,46997,28959
392000,133981,45994,45991,25992
393000,134032,46994,46946,26996
394000,136977,46996,45994,25996
395000,138016,48990,46955,26995
396000,142977,46995,48032,26957
397000,177023,46995,45999,25995
398000,139994,46987,46991,26036
399000,137945,46993,45995,25996
400000,136982,49951,47994,26997
401000,136978,49991,47986,25996
402000,138025,46990,49994,25991
403000,135983,47993,48952,27040
404000,140982,48985,47993,28996
405000,137983,47995,48981,26993
406000,143944,48992,49990,26998
407000,150339,48994,49998,26995
408000,139024,48993,47993,26990
409000,147982,47994,49005,27038
410000,146943,48990,48992,28032
411000,141982,47994,47993,26995
412000,141991,48999,48985,26944
413000,145022,47992,47993,26995
414000,148948,52973,51989,28996
415000,145982,48992,48993,28512
416000,153979,48990,60956,27992
417000,146022,48991,48944,27028
418000,144987,49983,48030,28032
419000,145931,49996,50032,31960
420000,147980,48993,51032,26996
421000,145943,49033,51002,29000
422000,144937,52992,52037,28990
423000,144979,52951,50989,27995
424000,146990,52943,49990,27996
425000,153024,53992,49994,27996
426000,158988,52982,49995,27997
427000,146032,53034,50985,28004
428000,145994,58990,49989,29996
429000,144986,52984,54001,28041
430000,146980,53988,51954,28033
431000,146940,57992,49993,29997
432000,150976,53033,50971,27996
433000,149979,57578,51995,29013
434000,148932,57992,52991,27994
435000,169930,56995,51989,27991
436000,157966,52989,52989,27992
437000,150976,53034,51974,28002
438000,149942,54029,53002,30989
439000,157931,50992,52990,28991
440000,153550,51994,52003,28996
441000,153976,52034,50994,29032
442000,153981,51952,52006,28992
443000,156939,51990,51990,28994
444000,176528,52005,51942,28995
445000,165977,51992,54032,29956
446000,155980,51996,53003,28995
447000,170930,55032,54004,29991
448000,180975,52993,53022,28997
449000,160972,52992,53993,30015
450000,179976,52994,52991,29995
451000,159026,53991,70945,32033
452000,160969,55002,61956,36997
453000,161978,55988,56000,29986
454000,156989,57983,52992,31000
455000,160932,56988,58972,29995
456000,160020,52989,53989,29996
457000,158977,52988,54986,30997
458000,163330,54033,53993,29955
459000,175976,53032,53993,31034
460000,158939,53987,56987,30993
461000,173975,58985,56038,29993
462000,157978,54953,56006,30994
463000,160281,53975,56027,32969
464000,168024,53993,59942,31042
465000,159926,54995,58990,29994
466000,165976,55989,56036,29996
467000,165931,57992,54990,30995
468000,162974,57051,56295,30993
469000,164012,55992,55005,30996
470000,166618,54992,54993,30033
471000,162942,54990,55990,30994
472000,187020,57992,54981,30992
473000,173976,55994,54993,33990
474000,160977,57003,55991,36985
475000,161940,54992,60989,30994
476000,161019,54992,59030,31996
477000,163962,65958,55995,30998
478000,231978,58941,56993,32001
479000,164980,57942,66989,33992
480000,165973,57033,56990,30997
481000,163981,55989,56988,32961
482000,171989,57025,59985,32005
483000,163991,56992,58983,32973
484000,163014,58989,66953,43992
485000,173973,56987,56994,30998
486000,182024,58989,57949,30993
487000,171022,57989,58251,31996
488000,172985,58004,58044,32996
489000,167927,58989,57988,35993
490000,167974,56989,62990,32036
491000,169014,58984,57992,31987
492000,171937,58040,59991,32995
493000,176971,60021,59000,32310
494000,176977,65987,58992,32994
495000,172018,57994,57961,31959
496000,182011,58003,62943,32992
497000,169023,57992,60978,31996
498000,168169,63980,60993,31995
499000,202972,60991,58993,32036
500000,176935,81029,60003,32993
501000,179019,59002,59940,34988
502000,190005,59994,61992,32995
503000,175024,60992,58994,32000
504000,190975,59985,61999,31995
505000,178924,59991,62992,34056
506000,177977,59983,61992,32995
507000,174028,59943,59987,34045
508000,174977,71940,63039,33992
509000,182941,60990,59989,33992
510000,194971,61041,59985,33041
511000,178980,61988,61989,34994
512000,172976,62978,65949,35007
513000,175980,63990,62018,34997
514000,173928,61225,61992,33946
515000,197973,62990,60944,33995
516000,190973,59990,60992,32996
517000,174983,60000,77946,35035
518000,177976,63942,61988,34045
519000,178926,62041,61993,33995
520000,180927,60991,61254,33997
521000,181976,60993,61988,33994
522000,176977,60990,71993,43044
523000,225972,68040,61996,33995
524000,179928,60992,62037,34002
525000,200920,63991,62993,37044
526000,177990,60988,60991,37994
527000,179926,63992,73037,36991
528000,186964,61950,65043,58987
529000,185968,63992,62942,34997
530000,183930,61992,66985,33999
531000,181972,64988,61997,34993
532000,188981,62991,75942,34994
533000,187016,85942,84989,46990
534000,187220,62991,64041,34987
535000,186009,61995,63940,35016
536000,214925,62987,62989,35993
537000,182934,64992,67039,34996
538000,189929,65987,64988,34995
539000,193973,64045,64992,43248
540000,188919,63045,63991,35041
541000,183976,62989,69029,35004
542000,185025,66990,65990,35995
543000,191931,64993,63992,35995
544000,194023,65942,65026,35951
545000,191975,63946,65991,35995
546000,187926,64039,64939,34995
547000,220030,63991,67038,36972
548000,189970,65994,68907,35995
549000,184974,67000,63991,34993
550000,189931,63990,64994,36986
551000,189928,64989,65989,35991
552000,188971,63990,66039,34995
553000,215957,64002,65041,35996
554000,210815,66043,66993,35994
555000,197934,67949,67991,36997
556000,190921,66040,64991,35993
557000,191974,65941,66161,35971
558000,207922,65950,67989,38991
559000,193968,68041,65976,35944
560000,195976,66036,66964,36996
561000,193926,80031,67989,40029
562000,191927,67961,68041,36997
563000,212023,66939,66990,36995
564000,194937,64975,66998,39002
565000,189977,65992,70940,37030
566000,201969,65991,66981,37000
567000,193979,64962,67984,37985
568000,191967,79944,69990,35976
569000,196975,66992,67941,36994
570000,197970,66986,68000,37996
571000,192923,66991,69991,36995
572000,232925,67988,70001,38995
573000,198588,66993,66996,37990
574000,195023,66993,69990,37991
575000,254961,75988,68990,36993
576000,202018,67989,69001,39996
577000,194975,70988,66958,37998
578000,197972,66996,68975,71992
579000,220973,68996,74991,38995
580000,198966,68000,95987,37947
581000,200028,67055,69939,41003
582000,211923,69994,68991,36999
583000,211973,68984,68040,41977
584000,202969,68962,73157,39041
585000,198972,71943,69991,40039
586000,211969,69990,70940,39000
587000,202934,69986,73037,38995
588000,203973,71033,68991,40000
589000,207973,69039,69993,43994
590000,204974,72037,69996,39970
591000,212015,70005,68988,38043
592000,210023,69996,98990,40991
593000,208017,68986,69949,38947
594000,219016,69035,69996,42051
595000,202974,95989,70992,39042
596000,212920,70990,71987,39994
597000,206970,70984,76001,39955
598000,234010,71999,70937,40994
599000,210982,74992,74982,42006
600000,210989,73987,71987,41003
601000,214923,73035,72989,40995
602000,226967,73989,71990,38992
603000,209036,70991,70943,40039
604000,237011,71990,74987,41029
605000,226971,70990,71297,39996
606000,209968,70990,77989,38993
607000,206923,73041,71992,38993
608000,249947,78959,74990,42038
609000,205974,74035,71941,39992
610000,211012,72993,72989,39037
611000,206932,70984,79039,40043
612000,217973,72154,71992,39993
613000,211979,71995,73982,41041
614000,214967,72990,73987,41996
615000,219965,71039,73993,40946
616000,211020,79983,71997,40984
617000,228971,73947,72985,39994
618000,210023,71993,75987,38997
619000,238923,73041,71999,40000
620000,293004,74942,72989,39993
621000,242014,95998,72943,41993
622000,212972,76989,73001,40991
623000,244966,73040,74944,41007
624000,219969,75991,74040,41991
625000,217974,75987,74042,41005
626000,219019,73992,76994,40003
627000,217917,83039,74995,40002
628000,242968,72948,75993,40995
629000,226965,73017,74988,40995
630000,218937,72993,79993,40997
631000,217974,73994,74991,40995
632000,217968,73998,77984,39999
633000,215924,75037,75991,56993
634000,216968,74025,77984,43044
635000,216969,76989,75021,40998
636000,217965,74989,74994,46987
637000,217970,75942,76031,41952
638000,228972,73989,74991,42995
639000,217976,76989,74996,41981
640000,240968,75939,75994,44948
641000,216968,76996,74990,42041
642000,231919,77031,79959,47950
643000,224925,83989,77029,41006
644000,222974,76989,77036,41996
645000,227969,84003,89986,49998
646000,244015,76947,78989,41998
647000,226971,76989,77987,43997
648000,226021,77035,80989,41000
649000,233963,78978,76984,41010
650000,220974,77990,79979,42008
651000,221929,75983,76988,42042
652000,247012,77944,80018,42015
653000,223023,75994,79987,43002
654000,221971,81989,80979,43996
655000,229965,78971,78989,44041
656000,227976,81964,80033,42950
657000,234019,76986,77991,44987
658000,249955,83996,79998,42000
659000,231967,77991,78991,44043
660000,267915,80989,78993,42994
661000,228978,77996,83993,42989
662000,234016,79995,77986,44004
663000,226023,77993,81993,42995
664000,253969,78993,80991,45043
665000,229632,80994,78986,42993
666000,230968,78951,78990,50991
667000,230011,83985,77983,42998
668000,228922,77985,77990,45994
669000,227934,79040,78988,42988
670000,245966,78985,82941,43991
671000,233918,77989,78988,43994
672000,242979,79942,84985,43993
673000,235018,79043,80043,42994
674000,233020,82946,80039,42999
675000,247016,78943,81037,45946
676000,242967,82029,80946,43990
677000,238926,79992,81987,43994
678000,253016,80989,107986,44997
679000,233505,83990,78939,43994
680000,235229,78997,79994,49980
681000,237934,80040,79989,44946
682000,245013,78995,81990,45997
683000,236975,84045,82990,43993
684000,234025,82984,81002,43992
685000,242968,79985,80973,47995
686000,237914,80038,80989,45043
687000,236931,79994,98988,46034
688000,240919,79988,80987,43994
689000,236980,85039,80981,44954
690000,236916,80989,82038,47996
691000,234918,83049,81989,44010
692000,245918,81985,84988,44992
693000,239968,97987,82039,45052
694000,247969,86987,81987,47993
695000,240917,81988,85986,44996
696000,266946,81989,81988,44994
697000,239967,82990,81940,45996
698000,244008,82982,85985,45997
699000,254919,81031,82943,46991
700000,239014,85983,82939,45995
701000,243013,81945,82989,48995
702000,242900,83985,83993,45996
703000,245917,84989,84989,46043
704000,262968,83999,85047,57956
705000,251018,81943,83990,46994
706000,246227,83945,84024,46000
707000,253974,83989,83993,48005
708000,244962,83038,82993,45993
709000,243976,83986,84985,45991
710000,265965,98030,84947,48992
711000,247047,83987,84997,46999
712000,256012,86941,85989,45994
713000,244971,82989,83987,49991
714000,246001,84001,86936,47989
715000,255011,85941,88033,47985
716000,260946,84988,88038,47000
717000,250963,86002,84944,47994
718000,242983,85985,86000,45998
719000,247927,84989,90984,48995
720000,255595,87948,85993,47926
721000,250965,96018,87982,47986
722000,253966,88945,91989,47964
723000,258951,85938,84956,48993
724000,251926,90041,85987,45993
725000,248966,83991,87955,45990
726000,268929,84986,86024,55037
727000,266978,85938,85989,46993
728000,258037,89936,86014,47002
729000,270965,86990,91989,46994
730000,254025,84995,85983,47010
731000,267010,85996,85023,47998
732000,254949,97953,90988,49993
733000,259013,88945,89036,73960
734000,257974,85990,87987,48995
735000,269011,87984,86988,48042
736000,256972,86995,88994,47951
737000,256014,88013,87944,59993
738000,254966,89027,87994,49002
739000,262915,86989,91987,48993
740000,258965,86988,86987,50993
741000,255969,87986,86986,48042
742000,250975,89985,86995,48001
743000,271965,86988,91982,48993
744000,266967,86985,86987,52038
745000,257002,86989,86620,49943
746000,256975,87942,88040,49999
747000,256964,87987,93943,49983
748000,256971,102940,93035,57947
749000,264917,89041,86993,50995
750000,257019,92981,88053,48972
751000,260960,87035,94945,49991
752000,260009,88988,87993,49007
753000,255341,90940,88987,49993
754000,264967,88989,90983,48993
755000,273014,88994,92939,48993
756000,270961,89987,90005,49946
757000,260957,89026,90951,51295
758000,281958,93002,91940,50992
759000,279017,95939,91031,48998
760000,262960,88946,92033,49948
761000,265963,87996,89987,48996
762000,259916,91988,90986,50993
763000,275009,89937,91989,50004
764000,294978,90982,93987,50993
765000,264018,87991,90980,50946
766000,265967,90032,91990,50995
767000,322272,94008,91995,51962
768000,266951,92945,94982,51992
769000,286015,95987,93996,50931
770000,315962,93942,90038,49998
771000,267929,88989,95992,50996
772000,279206,89987,91979,52948
773000,268022,91995,91985,50042
774000,287012,95939,90964,50993
775000,288276,93988,92986,51090
776000,268964,90985,96986,50038
777000,268970,90992,90990,53982
778000,277962,89944,90969,50989
779000,264973,108984,92985,50990
780000,271067,96942,95032,50011
781000,269965,90993,92989,51995
782000,273973,93992,92943,52992
783000,272962,91986,92037,50991
784000,348922,177961,163267,72991
785000,359952,131978,121023,66994
786000,324950,93978,93990,50975
787000,272968,99049,111955,62940
788000,337991,108953,126986,63991
789000,299960,91947,92988,51004
790000,278958,92006,94984,51007
791000,272013,95995,119989,51990
792000,272995,96941,96988,53044
793000,283973,107975,98982,51993
794000,277011,92994,97989,51981
795000,273917,118030,94996,56042
796000,276016,94946,93992,53994
797000,276946,93019,94987,53990
798000,272008,112988,96993,52990
799000,270013,98993,94942,54040
800000,277969,97944,104990,59024
801000,278967,94939,114034,52996
802000,273970,92987,96991,51605
803000,280012,106982,98987,54043
804000,287909,93986,107043,60940
805000,284961,95996,95945,71950
806000,289803,99993,122937,56989
807000,314958,96940,97040,53989
808000,295968,94944,117000,53946
809000,283914,96035,97945,54950
810000,275963,96053,95988,51990
811000,280991,99155,99989,54923
812000,290961,103011,95038,52998
813000,304956,98034,100943,54034
814000,280958,98967,102990,53964
815000,302915,95986,98988,53990
816000,281998,96938,100991,53989
817000,301971,96995,100980,62941
818000,288966,95988,100937,53010
819000,281917,99032,98911,57953
820000,309890,95987,98036,57989
821000,287887,99032,98976,57005
822000,287901,95988,112943,55991
823000,349999,96981,96993,55016
824000,285875,96035,97955,53996
825000,279919,98982,97944,53992
826000,283961,100947,98037,53961
827000,301914,100986,96987,60009
828000,293969,102034,96991,54991
829000,283886,99028,100033,54999
830000,288896,99987,99981,55005
831000,322006,100961,97992,54960
832000,304235,104940,97040,55001
833000,297963,99986,102032,54990
834000,288918,97040,98941,53997
835000,286296,98027,104091,55996
836000,299964,97944,100984,68987
837000,301006,100993,101992,54998
838000,287991,98990,101986,54950
839000,313913,101029,101979,54989
840000,290957,98940,99986,58988
841000,286961,114013,102986,58984
842000,288911,98998,100986,58950
843000,290910,99018,99983,62990
844000,299972,98994,98990,61957
845000,295989,98993,120933,57991
846000,305959,99941,120029,57995
847000,306959,99987,101988,56991
848000,293008,99988,104984,58039
849000,290150,101986,102938,58042
850000,320869,102986,105024,70010
851000,296913,99981,103986,55994
852000,293009,101936,112027,56946
853000,318912,109949,104987,56986
854000,301962,101034,105954,55998
855000,305923,111033,101990,56947
856000,298003,98996,104598,56946
857000,294011,98982,104948,60038
858000,299959,102033,103983,56007
859000,306964,100998,102994,56995
860000,320955,101985,106984,67989
861000,302973,101995,105992,57988
862000,300966,103992,104984,59040
863000,301907,101987,110035,60946
864000,308974,123937,122028,57949
865000,300956,127022,103986,57007
866000,299959,102982,101997,58035
867000,297960,104985,101981,57993
868000,326006,104987,102987,57998
869000,320958,106935,122035,57989
870000,295959,103988,102988,57989
871000,312939,108498,104030,58999
872000,297974,106990,102990,57990
873000,308979,103031,118941,59037
874000,313960,101995,103991,57947
875000,301241,102947,105020,61007
876000,315005,105939,125951,61485
877000,306995,121991,104991,67967
878000,321920,104028,108994,60599
879000,303920,104018,105991,58989
880000,305964,102981,106041,57997
881000,305960,103989,108980,57991
882000,303009,102942,125998,58946
883000,310963,120028,127991,62002
884000,315961,105943,103985,58988
885000,331000,107986,104994,58989
886000,299590,105987,104983,59989
887000,337950,103985,103985,57991
888000,307961,102981,105034,60993
889000,318252,104988,106001,62994
890000,323007,103979,105983,62999
891000,311959,116991,106947,62036
892000,309910,106024,108951,59032
893000,333954,105986,108984,58989
894000,312005,104981,109001,59993
895000,307921,107985,111025,66993
896000,337579,109023,106991,59994
897000,308971,110981,104977,59996
898000,307962,108021,106969,59995
899000,309923,105987,105994,59995
900000,348916,104029,108034,62940
901000,309969,108981,114980,60993
902000,308959,105991,109025,58994
903000,308961,105979,109991,59993
904000,316946,107951,125018,61988
905000,327248,110983,106985,60987
906000,315988,106990,109002,60002
907000,313965,108941,106986,61026
908000,311959,134694,109940,61992
909000,331974,106985,116040,71398
910000,333959,106985,111983,60991
911000,317955,133015,114990,90032
912000,320001,110951,106983,61956
913000,329954,107987,108989,59994
914000,318994,106997,108976,61999
915000,318961,108174,110001,63987
916000,328947,106991,110962,63991
917000,318211,110983,123969,61991
918000,317008,107038,109979,60993
919000,317966,109936,132980,88991
920000,318989,112945,110035,61008
921000,316968,106004,108075,61002
922000,323997,107947,110978,63030
923000,321957,108987,114968,60995
924000,319994,109984,116002,62955
925000,318949,108941,111021,60997
926000,346992,111986,109952,62991
927000,318958,108985,108985,64028
928000,320950,108988,108990,64957
929000,329996,108990,110943,64990
930000,325009,121989,111989,62002
931000,325004,113939,112984,63993
932000,320004,112992,110991,62000
933000,323975,112933,111025,61999
934000,348949,111984,125948,62991
935000,355952,107995,112981,63990
936000,323953,116027,112028,64970
937000,349930,112985,112984,64990
938000,325953,109984,149983,79988
939000,326907,110027,113938,64042
940000,321916,112031,112979,61992
941000,356949,117984,117989,69034
942000,322963,110318,110990,63956
943000,375956,115026,114990,63958
944000,329953,111990,113950,62991
945000,335996,112998,130980,70986
946000,343964,110978,112997,72945
947000,345221,111953,116022,65993
948000,357897,116024,111990,62997
949000,325967,113980,110953,63950
950000,333271,112951,115939,68989
951000,366951,112979,117991,63999
952000,328963,113990,117940,65987
953000,327953,112990,112988,63997
954000,325995,115940,111983,62993
955000,341958,113980,113997,68273
956000,326963,110990,116585,64040
957000,344986,112039,113951,63996
958000,369965,113982,114953,64991
959000,327994,127997,113988,67985
960000,329001,111999,139614,65039
961000,331900,114980,113939,63991
962000,332999,114581,111994,63996
963000,331003,111948,137028,85953
964000,336964,112950,118022,63998
965000,338959,116942,122984,73985
966000,341950,118979,127022,64949
967000,335995,113021,131993,69948
968000,332992,111991,115991,66005
969000,335952,120992,113022,65957
970000,332965,117019,114011,65995
971000,350127,113991,115952,79952
972000,335959,112979,117024,64998
973000,340403,116987,116033,64997
974000,345000,116942,115982,93984
975000,346918,120025,121368,74996
976000,334963,113953,117018,70043
977000,334951,118176,114942,69028
978000,341950,117014,115976,69984
979000,347954,114983,117987,67006
980000,349909,121026,114948,66986
981000,337912,113983,116987,68990
982000,356992,115038,119248,65986
983000,348092,123996,116990,65996
984000,337950,116951,115978,68989
985000,345211,115991,118972,68983
986000,344010,149008,121960,70999
987000,343959,118987,116993,67927
988000,370408,114949,121982,66987
989000,340959,117987,117142,67291
990000,358955,115988,116983,68001
991000,337971,116941,125980,66989
992000,341954,117949,124979,67989
993000,354994,117949,117000,66996
994000,345963,142988,122998,67994
995000,349956,117032,118986,77990
996000,371991,118988,119952,73024
997000,344952,116242,124980,68991
998000,347957,119034,117992,66995
999000,409986,117023,138986,66991
1000000,364169,122983,117984,67991
